date,pm25
2016-11-09,270.0
2016-11-10,259.0
2016-11-11,274.0
2016-11-12,238.0
2016-11-13,175.0
2016-11-14,167.0
2016-11-15,202.0
2016-11-16,250.0
2016-11-17,215.0
2016-11-18,195.0
2016-11-19,201.0
2016-11-20,211.0
2016-11-21,198.0
2016-11-22,113.0
2016-11-23,144.0
2016-11-24,231.0
2016-11-25,90.5
2016-11-26,80.1
2016-11-27,99.7
2016-11-28,78.1
2016-11-29,169.0
2016-11-30,248.0
2016-12-01,276.0
2016-12-02,283.0
2016-12-03,188.0
2016-12-04,149.0
2016-12-05,168.0
2016-12-06,278.0
2016-12-07,271.0
2016-12-08,261.0
2016-12-09,230.0
2016-12-10,219.0
2016-12-11,188.0
2016-12-12,164.0
2016-12-13,173.0
2016-12-14,142.0
2016-12-15,146.0
2016-12-16,152.0
2016-12-17,228.0
2016-12-18,225.0
2016-12-19,245.0
2016-12-20,157.0
2016-12-21,119.0
2016-12-22,165.0
2016-12-23,342.0
2016-12-24,443.0
2016-12-25,279.0
2016-12-26,186.0
2016-12-27,185.0
2016-12-28,201.0
2016-12-29,262.0
2016-12-30,208.0
2016-12-31,210.0
2017-01-01,162.0
2017-01-02,162.0
2017-01-03,216.0
2017-01-04,174.0
2017-01-05,156.0
2017-01-06,154.0
2017-01-07,134.0
2017-01-08,125.0
2017-01-09,145.0
2017-01-10,102.0
2017-01-11,137.0
2017-01-12,217.0
2017-01-13,229.0
2017-01-14,297.0
2017-01-15,178.0
2017-01-16,165.0
2017-01-17,129.0
2017-01-18,169.0
2017-01-19,160.0
2017-01-20,106.0
2017-01-21,224.0
2017-01-22,269.0
2017-01-23,219.0
2017-01-24,190.0
2017-01-25,218.0
2017-01-26,134.0
2017-01-27,54.3
2017-01-28,116.0
2017-01-29,110.0
2017-01-30,153.0
2017-01-31,149.0
2017-02-01,116.0
2017-02-02,180.0
2017-02-03,191.0
2017-02-04,149.0
2017-02-05,136.0
2017-02-06,165.0
2017-02-07,70.2
2017-02-08,118.0
2017-02-09,110.0
2017-02-10,105.0
2017-02-11,111.0
2017-02-12,123.0
2017-02-13,104.0
2017-02-14,121.0
2017-02-15,126.0
2017-02-16,121.0
2017-02-17,99.3
2017-02-18,97.0
2017-02-19,103.0
2017-02-20,98.7
2017-02-21,89.2
2017-02-22,91.3
2017-02-23,40.8
2017-02-24,44.3
2017-02-25,53.4
2017-02-26,98.5
2017-02-27,70.4
2017-02-28,60.6
2017-03-01,89.1
2017-03-02,95.2
2017-03-03,43.8
2017-03-04,65.6
2017-03-05,68.5
2017-03-06,86.7
2017-03-07,79.9
2017-03-08,44.5
2017-03-09,47.2
2017-03-10,33.5
2017-03-11,22.1
2017-03-12,32.3
2017-03-13,60.5
2017-03-14,52.5
2017-03-15,110.0
2017-03-16,87.0
2017-03-17,83.2
2017-03-18,74.9
2017-03-19,70.7
2017-03-20,109.0
2017-03-21,169.0
2017-03-22,87.1
2017-03-23,132.0
2017-03-24,103.0
2017-03-25,49.1
2017-03-26,82.2
2017-03-27,61.0
2017-03-28,110.0
2017-03-29,96.1
2017-03-30,48.2
2017-03-31,66.0
2017-04-01,78.6
2017-04-02,72.1
2017-04-03,52.7
2017-04-04,43.2
2017-04-05,27.5
2017-04-06,49.3
2017-04-07,161.0
2017-04-08,107.0
2017-04-09,26.9
2017-04-10,35.9
2017-04-11,58.2
2017-04-12,77.9
2017-04-13,85.0
2017-04-14,121.0
2017-04-15,108.0
2017-04-16,559.0
2017-04-17,700.0
2017-04-18,174.0
2017-04-19,75.9
2017-04-20,78.4
2017-04-21,98.4
2017-04-22,102.0
2017-04-23,94.3
2017-04-24,243.0
2017-04-25,63.6
2017-04-26,32.7
2017-04-27,54.7
2017-04-28,64.4
2017-04-29,34.6
2017-04-30,36.55
2017-05-01,38.5
2017-05-02,88.9
2017-05-03,112.0
2017-05-04,74.3
2017-05-05,142.0
2017-05-06,151.0
2017-05-07,128.0
2017-05-08,120.0
2017-05-09,68.2
2017-05-10,52.6
2017-05-11,167.0
2017-05-12,146.0
2017-05-13,98.6
2017-05-14,86.8
2017-05-15,64.5
2017-05-16,92.0
2017-05-17,58.5
2017-05-18,71.6
2017-05-19,52.6
2017-05-20,66.6
2017-05-21,110.0
2017-05-22,124.0
2017-05-23,117.0
2017-05-24,71.8
2017-05-25,59.8
2017-05-26,76.0
2017-05-27,48.8
2017-05-28,29.5
2017-05-29,39.6
2017-05-30,49.9
2017-05-31,43.1
2017-06-01,72.7
2017-06-02,97.8
2017-06-03,74.6
2017-06-04,80.5
2017-06-05,41.4
2017-06-06,45.0
2017-06-07,27.8
2017-06-08,35.6
2017-06-09,57.0
2017-06-10,61.5
2017-06-11,34.3
2017-06-12,46.5
2017-06-13,39.4
2017-06-14,42.6
2017-06-15,57.9
2017-06-16,44.0
2017-06-17,94.7
2017-06-18,50.9
2017-06-19,53.6
2017-06-20,28.1
2017-06-21,106.0
2017-06-22,59.4
2017-06-23,38.8
2017-06-24,51.3
2017-06-25,65.6
2017-06-26,45.6
2017-06-27,34.5
2017-06-28,24.0
2017-06-29,20.7
2017-06-30,19.1
2017-07-01,36.2
2017-07-02,20.5
2017-07-03,39.4
2017-07-04,43.6
2017-07-05,48.3
2017-07-06,46.3
2017-07-07,42.0
2017-07-08,41.1
2017-07-09,52.5
2017-07-10,39.3
2017-07-11,33.1
2017-07-12,21.0
2017-07-13,21.1
2017-07-14,24.2
2017-07-15,26.1
2017-07-16,26.666666666666668
2017-07-17,27.233333333333334
2017-07-18,27.8
2017-07-19,47.3
2017-07-20,30.2
2017-07-21,27.7
2017-07-22,27.419047619047618
2017-07-23,27.138095238095236
2017-07-24,
2017-07-25,
2017-07-26,
2017-07-27,
2017-07-28,
2017-07-29,
2017-07-30,
2017-07-31,
2017-08-01,
2017-08-02,
2017-08-03,
2017-08-04,
2017-08-05,
2017-08-06,
2017-08-07,
2017-08-08,
2017-08-09,
2017-08-10,
2017-08-11,21.8
2017-08-12,14.5
2017-08-13,17.8
2017-08-14,23.6
2017-08-15,29.0
2017-08-16,30.4
2017-08-17,34.9
2017-08-18,38.4
2017-08-19,34.6
2017-08-20,23.8
2017-08-21,27.8
2017-08-22,
2017-08-23,
2017-08-24,104.0
2017-08-25,56.7
2017-08-26,55.338461538461544
2017-08-27,53.97692307692308
2017-08-28,
2017-08-29,
2017-08-30,
2017-08-31,
2017-09-01,
2017-09-02,
2017-09-03,
2017-09-04,
2017-09-05,
2017-09-06,
2017-09-07,39.0
2017-09-08,57.7
2017-09-09,50.5
2017-09-10,55.9
2017-09-11,58.0
2017-09-12,96.2
2017-09-13,50.9
2017-09-14,64.6
2017-09-15,55.9
2017-09-16,50.3
2017-09-17,44.4
2017-09-18,43.8
2017-09-19,54.0
2017-09-20,50.9
2017-09-21,39.6
2017-09-22,9.78
2017-09-23,8.83
2017-09-24,30.3
2017-09-25,48.5
2017-09-26,64.7
2017-09-27,79.0
2017-09-28,71.4
2017-09-29,138.0
2017-09-30,80.4
2017-10-01,86.8
2017-10-02,54.8
2017-10-03,54.4
2017-10-04,76.3
2017-10-05,63.7
2017-10-06,57.1
2017-10-07,66.1
2017-10-08,108.0
2017-10-09,94.5
2017-10-10,99.7
2017-10-11,104.0
2017-10-12,128.0
2017-10-13,113.0
2017-10-14,114.0
2017-10-15,1120.0
2017-10-16,695.0
2017-10-17,138.0
2017-10-18,146.0
2017-10-19,158.0
2017-10-20,612.0
2017-10-21,226.0
2017-10-22,150.0
2017-10-23,132.0
2017-10-24,162.0
2017-10-25,291.0
2017-10-26,158.0
2017-10-27,162.0
2017-10-28,178.0
2017-10-29,188.0
2017-10-30,191.0
2017-10-31,231.0
2017-11-01,209.0
2017-11-02,171.0
2017-11-03,194.0
2017-11-04,188.0
2017-11-05,190.0
2017-11-06,171.0
2017-11-07,566.0
2017-11-08,896.0
2017-11-09,534.0
2017-11-10,408.0
2017-11-11,354.0
2017-11-12,505.0
2017-11-13,446.0
2017-11-14,298.0
2017-11-15,213.0
2017-11-16,205.0
2017-11-17,164.0
2017-11-18,179.0
2017-11-19,166.0
2017-11-20,182.0
2017-11-21,186.0
2017-11-22,190.0
2017-11-23,182.0
2017-11-24,176.0
2017-11-25,185.0
2017-11-26,218.0
2017-11-27,240.0
2017-11-28,141.0
2017-11-29,169.0
2017-11-30,245.0
2017-12-01,205.0
2017-12-02,172.0
2017-12-03,240.0
2017-12-04,270.0
2017-12-05,280.0
2017-12-06,157.0
2017-12-07,159.14285714285714
2017-12-08,161.28571428571428
2017-12-09,
2017-12-10,
2017-12-11,
2017-12-12,
2017-12-13,
2017-12-14,
2017-12-15,
2017-12-16,
2017-12-17,
2017-12-18,
2017-12-19,
2017-12-20,
2017-12-21,
2017-12-22,
2017-12-23,
2017-12-24,
2017-12-25,
2017-12-26,
2017-12-27,202.0
2017-12-28,277.0
2017-12-29,252.0
2017-12-30,305.0
2017-12-31,273.0
2018-01-01,370.0
2018-01-02,383.0
2018-01-03,306.0
2018-01-04,243.0
2018-01-05,289.0
2018-01-06,274.0
2018-01-07,235.0
2018-01-08,169.0
2018-01-09,329.0
2018-01-10,189.0
2018-01-11,180.0
2018-01-12,196.0
2018-01-13,209.0
2018-01-14,195.0
2018-01-15,238.0
2018-01-16,141.0
2018-01-17,242.0
2018-01-18,364.0
2018-01-19,298.0
2018-01-20,169.0
2018-01-21,152.0
2018-01-22,206.0
2018-01-23,203.0
2018-01-24,180.0
2018-01-25,137.0
2018-01-26,201.0
2018-01-27,200.0
2018-01-28,208.0
2018-01-29,198.0
2018-01-30,155.0
2018-01-31,145.0
2018-02-01,137.0
2018-02-02,167.0
2018-02-03,89.8
2018-02-04,150.0
2018-02-05,166.0
2018-02-06,161.0
2018-02-07,126.0
2018-02-08,146.0
2018-02-09,167.0
2018-02-10,141.0
2018-02-11,111.0
2018-02-12,81.3
2018-02-13,84.3
2018-02-14,65.8
2018-02-15,67.0
2018-02-16,871.0
2018-02-17,1990.0
2018-02-18,1990.0
2018-02-19,1990.0
2018-02-20,1080.0
2018-02-21,513.0
2018-02-22,144.0
2018-02-23,124.0
2018-02-24,138.0
2018-02-25,99.4
2018-02-26,68.8
2018-02-27,66.6
2018-02-28,150.0
2018-03-01,107.0
2018-03-02,118.0
2018-03-03,106.0
2018-03-04,66.3
2018-03-05,80.6
2018-03-06,78.2
2018-03-07,80.8
2018-03-08,71.5
2018-03-09,141.0
2018-03-10,85.4
2018-03-11,104.0
2018-03-12,118.0
2018-03-13,90.5
2018-03-14,81.4
2018-03-15,76.3
2018-03-16,80.3
2018-03-17,58.1
2018-03-18,106.0
2018-03-19,62.9
2018-03-20,176.0
2018-03-21,127.0
2018-03-22,70.4
2018-03-23,54.3
2018-03-24,75.0
2018-03-25,98.0
2018-03-26,99.3
2018-03-27,92.8
2018-03-28,85.7
2018-03-29,73.2
2018-03-30,73.7
2018-03-31,92.5
2018-04-01,59.1
2018-04-02,69.7
2018-04-03,82.0
2018-04-04,78.9
2018-04-05,157.0
2018-04-06,76.3
2018-04-07,27.8
2018-04-08,41.3
2018-04-09,44.8
2018-04-10,58.2
2018-04-11,37.3
2018-04-12,25.3
2018-04-13,57.1
2018-04-14,63.3
2018-04-15,83.2
2018-04-16,76.7
2018-04-17,53.8
2018-04-18,48.7
2018-04-19,85.4
2018-04-20,79.8
2018-04-21,132.0
2018-04-22,43.8
2018-04-23,69.2
2018-04-24,216.0
2018-04-25,68.0
2018-04-26,111.0
2018-04-27,88.3
2018-04-28,81.8
2018-04-29,77.3
2018-04-30,68.5
2018-05-01,44.0
2018-05-02,53.6
2018-05-03,42.6
2018-05-04,33.8
2018-05-05,49.7
2018-05-06,81.5
2018-05-07,81.9
2018-05-08,52.8
2018-05-09,83.7
2018-05-10,81.4
2018-05-11,118.0
2018-05-12,141.0
2018-05-13,86.9
2018-05-14,40.4
2018-05-15,57.7
2018-05-16,175.0
2018-05-17,86.7
2018-05-18,87.2
2018-05-19,73.2
2018-05-20,61.8
2018-05-21,52.7
2018-05-22,802.0
2018-05-23,443.0
2018-05-24,188.0
2018-05-25,410.0
2018-05-26,99.5
2018-05-27,63.8
2018-05-28,81.0
2018-05-29,89.2
2018-05-30,47.5
2018-05-31,51.5
2018-06-01,59.0
2018-06-02,37.1
2018-06-03,44.0
2018-06-04,53.5
2018-06-05,38.3
2018-06-06,47.8
2018-06-07,58.6
2018-06-08,59.6
2018-06-09,47.6
2018-06-10,47.2
2018-06-11,60.8
2018-06-12,146.0
2018-06-13,237.0
2018-06-14,286.0
2018-06-15,124.0
2018-06-16,155.0
2018-06-17,95.65
2018-06-18,36.3
2018-06-19,41.2
2018-06-20,56.6
2018-06-21,64.6
2018-06-22,60.9
2018-06-23,66.4
2018-06-24,47.4
2018-06-25,65.5
2018-06-26,43.6
2018-06-27,38.3
2018-06-28,20.4
2018-06-29,33.3
2018-06-30,38.3
2018-07-01,25.7
2018-07-02,27.5
2018-07-03,36.0
2018-07-04,41.8
2018-07-05,46.8
2018-07-06,50.2
2018-07-07,56.3
2018-07-08,59.5
2018-07-09,70.3
2018-07-10,43.0
2018-07-11,36.8
2018-07-12,48.1
2018-07-13,29.4
2018-07-14,33.4
2018-07-15,30.8
2018-07-16,116.0
2018-07-17,50.5
2018-07-18,29.9
2018-07-19,34.3
2018-07-20,36.4
2018-07-21,55.4
2018-07-22,27.7
2018-07-23,29.7
2018-07-24,37.4
2018-07-25,30.2
2018-07-26,30.7
2018-07-27,26.1
2018-07-28,95.0
2018-07-29,35.0
2018-07-30,397.0
2018-07-31,40.1
2018-08-01,35.7
2018-08-02,63.8
2018-08-03,54.2
2018-08-04,54.4
2018-08-05,53.9
2018-08-06,48.5
2018-08-07,41.6
2018-08-08,26.0
2018-08-09,26.8
2018-08-10,34.9
2018-08-11,22.3
2018-08-12,13.2
2018-08-13,21.7
2018-08-14,35.3
2018-08-15,35.7
2018-08-16,25.0
2018-08-17,19.6
2018-08-18,20.5
2018-08-19,41.2
2018-08-20,103.0
2018-08-21,111.0
2018-08-22,119.0
2018-08-23,127.0
2018-08-24,11.5
2018-08-25,11.9
2018-08-26,135.0
2018-08-27,14.8
2018-08-28,23.0
2018-08-29,17.1
2018-08-30,91.5
2018-08-31,42.6
2018-09-01,178.0
2018-09-02,1990.0
2018-09-03,668.0
2018-09-04,248.0
2018-09-05,780.0
2018-09-06,34.6
2018-09-07,29.3
2018-09-08,17.0
2018-09-09,12.7
2018-09-10,62.3
2018-09-11,182.0
2018-09-12,
2018-09-13,
2018-09-14,103.0
2018-09-15,1990.0
2018-09-16,34.4
2018-09-17,52.6
2018-09-18,48.2
2018-09-19,53.0
2018-09-20,153.0
2018-09-21,124.0
2018-09-22,61.5
2018-09-23,25.5
2018-09-24,14.9
2018-09-25,18.4
2018-09-26,34.4
2018-09-27,59.5
2018-09-28,66.8
2018-09-29,72.3
2018-09-30,50.3
2018-10-01,64.7
2018-10-02,124.0
2018-10-03,95.2
2018-10-04,86.1
2018-10-05,101.0
2018-10-06,121.0
2018-10-07,69.8
2018-10-08,101.0
2018-10-09,184.0
2018-10-10,77.3
2018-10-11,51.5
2018-10-12,63.0
2018-10-13,115.0
2018-10-14,79.0
2018-10-15,133.0
2018-10-16,96.4
2018-10-17,101.0
2018-10-18,96.1
2018-10-19,115.0
2018-10-20,139.0
2018-10-21,111.0
2018-10-22,102.0
2018-10-23,82.7
2018-10-24,125.0
2018-10-25,358.0
2018-10-26,91.5
2018-10-27,192.0
2018-10-28,192.0
2018-10-29,214.0
2018-10-30,259.0
2018-10-31,200.0
2018-11-01,205.0
2018-11-02,191.0
2018-11-03,146.0
2018-11-04,77.4
2018-11-05,374.0
2018-11-06,167.0
2018-11-07,143.0
2018-11-08,430.0
2018-11-09,284.0
2018-11-10,255.0
2018-11-11,206.0
2018-11-12,239.0
2018-11-13,235.0
2018-11-14,438.0
2018-11-15,96.8
2018-11-16,148.0
2018-11-17,125.0
2018-11-18,136.0
2018-11-19,285.0
2018-11-20,197.0
2018-11-21,216.0
2018-11-22,101.0
2018-11-23,166.0
2018-11-24,96.8
2018-11-25,100.0
2018-11-26,620.0
2018-11-27,138.0
2018-11-28,145.0
2018-11-29,166.0
2018-11-30,187.0
2018-12-01,144.0
2018-12-02,107.0
2018-12-03,165.0
2018-12-04,168.0
2018-12-05,154.0
2018-12-06,178.0
2018-12-07,180.0
2018-12-08,202.0
2018-12-09,186.0
2018-12-10,238.0
2018-12-11,247.0
2018-12-12,192.0
2018-12-13,84.0
2018-12-14,122.0
2018-12-15,138.33333333333334
2018-12-16,154.66666666666666
2018-12-17,171.0
2018-12-18,211.0
2018-12-19,230.0
2018-12-20,231.0
2018-12-21,261.0
2018-12-22,320.0
2018-12-23,363.0
2018-12-24,323.0
2018-12-25,303.0
2018-12-26,220.0
2018-12-27,241.0
2018-12-28,247.0
2018-12-29,215.0
2018-12-30,252.0
2018-12-31,323.0
2019-01-01,273.0
2019-01-02,281.0
2019-01-03,348.0
2019-01-04,242.0
2019-01-05,228.0
2019-01-06,170.0
2019-01-07,180.0
2019-01-08,179.0
2019-01-09,139.0
2019-01-10,225.0
2019-01-11,247.0
2019-01-12,236.0
2019-01-13,292.0
2019-01-14,71.7
2019-01-15,112.0
2019-01-16,238.0
2019-01-17,304.0
2019-01-18,223.0
2019-01-19,223.0
2019-01-20,201.0
2019-01-21,146.0
2019-01-22,44.9
2019-01-23,225.0
2019-01-24,133.0
2019-01-25,76.3
2019-01-26,104.0
2019-01-27,141.0
2019-01-28,112.0
2019-01-29,127.0
2019-01-30,183.0
2019-01-31,220.0
2019-02-01,173.0
2019-02-02,196.0
2019-02-03,144.0
2019-02-04,118.0
2019-02-05,171.0
2019-02-06,510.0
2019-02-07,1540.0
2019-02-08,1450.0
2019-02-09,70.6
2019-02-10,152.0
2019-02-11,366.0
2019-02-12,354.5
2019-02-13,343.0
2019-02-14,
2019-02-15,
2019-02-16,
2019-02-17,
2019-02-18,
2019-02-19,
2019-02-20,
2019-02-21,
2019-02-22,
2019-02-23,
2019-02-24,
2019-02-25,
2019-02-26,
2019-02-27,
2019-02-28,
2019-03-01,
2019-03-02,
2019-03-03,
2019-03-04,
2019-03-05,
2019-03-06,
2019-03-07,
2019-03-08,
2019-03-09,
2019-03-10,
2019-03-11,
2019-03-12,
2019-03-13,
2019-03-14,
2019-03-15,
2019-03-16,13.666666666666666
2019-03-17,29.333333333333332
2019-03-18,45.0
2019-03-19,90.3
2019-03-20,71.1
2019-03-21,118.0
2019-03-22,34.8
2019-03-23,48.7
2019-03-24,57.4
2019-03-25,64.4
2019-03-26,81.0
2019-03-27,66.0
2019-03-28,82.6
2019-03-29,83.3
2019-03-30,83.0
2019-03-31,53.8
2019-04-01,65.4
2019-04-02,64.2
2019-04-03,72.0
2019-04-04,92.5
2019-04-05,68.5
2019-04-06,73.9
2019-04-07,135.0
2019-04-08,71.4
2019-04-09,67.3
2019-04-10,88.1
2019-04-11,58.4
2019-04-12,58.7
2019-04-13,57.3
2019-04-14,48.7
2019-04-15,48.9
2019-04-16,62.9
2019-04-17,18.9
2019-04-18,34.8
2019-04-19,77.0
2019-04-20,92.5
2019-04-21,81.7
2019-04-22,97.8
2019-04-23,93.6
2019-04-24,157.0
2019-04-25,87.3
2019-04-26,77.8
2019-04-27,75.8
2019-04-28,98.6
2019-04-29,95.6
2019-04-30,88.6
2019-05-01,104.0
2019-05-02,80.5
2019-05-03,99.8
2019-05-04,87.8
2019-05-05,131.0
2019-05-06,116.0
2019-05-07,117.0
2019-05-08,226.0
2019-05-09,157.0
2019-05-10,130.0
2019-05-11,97.9
2019-05-12,227.0
2019-05-13,247.0
2019-05-14,49.1
2019-05-15,68.7
2019-05-16,65.3
2019-05-17,74.7
2019-05-18,40.3
2019-05-19,85.0
2019-05-20,92.3
2019-05-21,158.0
2019-05-22,55.2
2019-05-23,82.6
2019-05-24,41.9
2019-05-25,41.8
2019-05-26,53.1
2019-05-27,51.1
2019-05-28,62.2
2019-05-29,60.8
2019-05-30,246.0
2019-05-31,70.0
2019-06-01,83.0
2019-06-02,65.5
2019-06-03,59.6
2019-06-04,53.0
2019-06-05,61.9
2019-06-06,301.0
2019-06-07,47.9
2019-06-08,44.7
2019-06-09,60.2
2019-06-10,53.2
2019-06-11,113.0
2019-06-12,62.5
2019-06-13,44.1
2019-06-14,41.8
2019-06-15,71.1
2019-06-16,43.2
2019-06-17,157.0
2019-06-18,463.0
2019-06-19,25.0
2019-06-20,38.3
2019-06-21,64.1
2019-06-22,62.5
2019-06-23,36.5
2019-06-24,23.9
2019-06-25,53.3
2019-06-26,64.3
2019-06-27,55.7
2019-06-28,58.2
2019-06-29,57.0
2019-06-30,68.6
2019-07-01,281.0
2019-07-02,62.7
2019-07-03,33.6
2019-07-04,31.8
2019-07-05,45.5
2019-07-06,32.1
2019-07-07,34.3
2019-07-08,50.0
2019-07-09,44.7
2019-07-10,74.5
2019-07-11,76.1
2019-07-12,57.0
2019-07-13,60.9
2019-07-14,65.5
2019-07-15,42.7
2019-07-16,83.0
2019-07-17,34.5
2019-07-18,28.7
2019-07-19,58.0
2019-07-20,43.7
2019-07-21,43.6
2019-07-22,51.5
2019-07-23,65.0
2019-07-24,60.0
2019-07-25,20.8
2019-07-26,29.5
2019-07-27,23.3
2019-07-28,19.3
2019-07-29,18.3
2019-07-30,25.0
2019-07-31,26.1
2019-08-01,29.5
2019-08-02,32.8
2019-08-03,35.3
2019-08-04,50.5
2019-08-05,48.6
2019-08-06,28.0
2019-08-07,30.8
2019-08-08,22.0
2019-08-09,13.0
2019-08-10,14.4
2019-08-11,25.7
2019-08-12,19.5
2019-08-13,21.3
2019-08-14,30.2
2019-08-15,29.9
2019-08-16,16.7
2019-08-17,9.91
2019-08-18,14.0
2019-08-19,36.1
2019-08-20,45.6
2019-08-21,44.7
2019-08-22,47.9
2019-08-23,54.2
2019-08-24,68.0
2019-08-25,43.2
2019-08-26,18.4
2019-08-27,38.2
2019-08-28,37.0
2019-08-29,32.0
2019-08-30,33.3
2019-08-31,42.3
2019-09-01,30.2
2019-09-02,46.3
2019-09-03,67.1
2019-09-04,74.6
2019-09-05,30.5
2019-09-06,28.5
2019-09-07,28.3
2019-09-08,32.7
2019-09-09,51.4
2019-09-10,52.8
2019-09-11,72.6
2019-09-12,55.4
2019-09-13,31.0
2019-09-14,25.7
2019-09-15,35.8
2019-09-16,55.2
2019-09-17,57.0
2019-09-18,33.1
2019-09-19,20.0
2019-09-20,29.8
2019-09-21,34.6
2019-09-22,22.9
2019-09-23,30.9
2019-09-24,32.7
2019-09-25,29.8
2019-09-26,17.0
2019-09-27,11.6
2019-09-28,17.1
2019-09-29,13.6
2019-09-30,27.7
2019-10-01,29.4
2019-10-02,36.4
2019-10-03,50.2
2019-10-04,45.7
2019-10-05,35.6
2019-10-06,53.9
2019-10-07,54.7
2019-10-08,39.4
2019-10-09,73.2
2019-10-10,84.4
2019-10-11,129.0
2019-10-12,59.0
2019-10-13,59.0
2019-10-14,59.0
2019-10-15,101.0
2019-10-16,133.0
2019-10-17,108.0
2019-10-18,83.0
2019-10-19,74.5
2019-10-20,95.1
2019-10-21,109.0
2019-10-22,89.3
2019-10-23,101.0
2019-10-24,138.0
2019-10-25,115.0
2019-10-26,125.0
2019-10-27,170.0
2019-10-28,256.0
2019-10-29,265.0
2019-10-30,241.0
2019-10-31,286.0
2019-11-01,389.0
2019-11-02,328.0
2019-11-03,525.0
2019-11-04,263.0
2019-11-05,209.0
2019-11-06,88.2
2019-11-07,197.0
2019-11-08,152.0
2019-11-09,193.0
2019-11-10,162.0
2019-11-11,246.0
2019-11-12,380.0
2019-11-13,408.0
2019-11-14,401.0
2019-11-15,460.0
2019-11-16,189.0
2019-11-17,101.0
2019-11-18,100.0
2019-11-19,119.0
2019-11-20,139.0
2019-11-21,199.0
2019-11-22,176.0
2019-11-23,130.0
2019-11-24,108.0
2019-11-25,114.0
2019-11-26,100.0
2019-11-27,60.9
2019-11-28,31.5
2019-11-29,54.8
2019-11-30,106.0
2019-12-01,129.0
2019-12-02,132.0
2019-12-03,129.0
2019-12-04,128.0
2019-12-05,243.0
2019-12-06,254.0
2019-12-07,227.0
2019-12-08,230.0
2019-12-09,239.0
2019-12-10,203.0
2019-12-11,255.0
2019-12-12,263.0
2019-12-13,105.0
2019-12-14,85.1
2019-12-15,99.6
2019-12-16,101.0
2019-12-17,102.0
2019-12-18,149.0
2019-12-19,280.0
2019-12-20,335.0
2019-12-21,282.0
2019-12-22,157.0
2019-12-23,192.0
2019-12-24,293.0
2019-12-25,181.0
2019-12-26,219.0
2019-12-27,242.0
2019-12-28,297.0
2019-12-29,368.0
2019-12-30,354.0
2019-12-31,228.0
2020-01-01,311.0
2020-01-02,287.0
2020-01-03,228.0
2020-01-04,206.0
2020-01-05,160.0
2020-01-06,150.0
2020-01-07,123.0
2020-01-08,104.0
2020-01-09,106.0
2020-01-10,142.0
2020-01-11,157.0
2020-01-12,193.0
2020-01-13,221.0
2020-01-14,116.0
2020-01-15,112.0
2020-01-16,152.0
2020-01-17,111.0
2020-01-18,135.0
2020-01-19,136.0
2020-01-20,158.0
2020-01-21,206.0
2020-01-22,220.0
2020-01-23,68.3
2020-01-24,77.2
2020-01-25,123.0
2020-01-26,193.0
2020-01-27,199.0
2020-01-28,113.0
2020-01-29,75.8
2020-01-30,96.0
2020-01-31,95.3
2020-02-01,101.0
2020-02-02,134.0
2020-02-03,126.0
2020-02-04,167.0
2020-02-05,137.0
2020-02-06,110.0
2020-02-07,149.0
2020-02-08,142.0
2020-02-09,162.0
2020-02-10,180.0
2020-02-11,162.0
2020-02-12,194.0
2020-02-13,99.7
2020-02-14,70.3
2020-02-15,82.2
2020-02-16,118.0
2020-02-17,157.0
2020-02-18,133.0
2020-02-19,120.0
2020-02-20,101.0
2020-02-21,54.2
2020-02-22,64.5
2020-02-23,98.4
2020-02-24,63.9
2020-02-25,152.0
2020-02-26,133.0
2020-02-27,102.0
2020-02-28,85.2
2020-02-29,58.0
2020-03-01,36.6
2020-03-02,82.5
2020-03-03,67.7
2020-03-04,70.6
2020-03-05,27.6
2020-03-06,19.7
2020-03-07,42.0
2020-03-08,87.5
2020-03-09,45.2
2020-03-10,85.2
2020-03-11,54.7
2020-03-12,52.1
2020-03-13,59.3
2020-03-14,38.1
2020-03-15,58.9
2020-03-16,68.6
2020-03-17,70.0
2020-03-18,65.3
2020-03-19,81.2
2020-03-20,91.9
2020-03-21,66.7
2020-03-22,69.4
2020-03-23,60.0
2020-03-24,45.9
2020-03-25,29.6
2020-03-26,42.2
2020-03-27,25.2
2020-03-28,18.1
2020-03-29,24.5
2020-03-30,36.6
2020-03-31,31.5
2020-04-01,30.4
2020-04-02,23.9
2020-04-03,36.6
2020-04-04,37.4
2020-04-05,44.0
2020-04-06,51.0
2020-04-07,33.1
2020-04-08,33.2
2020-04-09,35.8
2020-04-10,59.9
2020-04-11,44.8
2020-04-12,41.8
2020-04-13,60.6
2020-04-14,45.0
2020-04-15,49.6
2020-04-16,65.1
2020-04-17,23.7
2020-04-18,27.8
2020-04-19,32.6
2020-04-20,38.1
2020-04-21,33.7
2020-04-22,49.7
2020-04-23,47.7
2020-04-24,52.5
2020-04-25,46.9
2020-04-26,41.3
2020-04-27,27.3
2020-04-28,36.9
2020-04-29,53.2
2020-04-30,52.0
2020-05-01,56.6
2020-05-02,35.8
2020-05-03,33.7
2020-05-04,26.5
2020-05-05,44.1
2020-05-06,53.6
2020-05-07,30.2
2020-05-08,44.3
2020-05-09,54.7
2020-05-10,43.9
2020-05-11,44.4
2020-05-12,42.6
2020-05-13,64.4
2020-05-14,44.6
2020-05-15,54.1
2020-05-16,74.8
2020-05-17,89.9
2020-05-18,88.8
2020-05-19,92.6
2020-05-20,58.0
2020-05-21,42.8
2020-05-22,68.6
2020-05-23,60.1
2020-05-24,46.5
2020-05-25,61.0
2020-05-26,57.5
2020-05-27,43.8
2020-05-28,37.1
2020-05-29,23.5
2020-05-30,23.3
2020-05-31,20.9
2020-06-01,37.2
2020-06-02,42.1
2020-06-03,47.3
2020-06-04,65.8
2020-06-05,34.4
2020-06-06,27.2
2020-06-07,27.0
2020-06-08,39.0
2020-06-09,57.2
2020-06-10,48.3
2020-06-11,45.0
2020-06-12,61.1
2020-06-13,46.2
2020-06-14,61.8
2020-06-15,47.0
2020-06-16,38.3
2020-06-17,27.2
2020-06-18,35.8
2020-06-19,61.2
2020-06-20,36.0
2020-06-21,39.5
2020-06-22,40.4
2020-06-23,26.4
2020-06-24,28.4
2020-06-25,32.2
2020-06-26,40.5
2020-06-27,37.0
2020-06-28,56.1
2020-06-29,37.2
2020-06-30,36.7
2020-07-01,49.0
2020-07-02,57.4
2020-07-03,60.3
2020-07-04,42.4
2020-07-05,27.5
2020-07-06,40.2
2020-07-07,11.1
2020-07-08,21.1
2020-07-09,27.5
2020-07-10,21.8
2020-07-11,17.2
2020-07-12,18.5
2020-07-13,27.7
2020-07-14,36.4
2020-07-15,38.4
2020-07-16,27.7
2020-07-17,42.2
2020-07-18,38.6
2020-07-19,21.2
2020-07-20,16.8
2020-07-21,20.1
2020-07-22,15.4
2020-07-23,30.3
2020-07-24,35.7
2020-07-25,27.7
2020-07-26,34.0
2020-07-27,28.7
2020-07-28,21.6
2020-07-29,21.4
2020-07-30,14.4
2020-07-31,30.5
2020-08-01,26.933333333333334
2020-08-02,23.366666666666667
2020-08-03,19.8
2020-08-04,21.4
2020-08-05,35.8
2020-08-06,9.11
2020-08-07,22.2
2020-08-08,45.8
2020-08-09,20.6
2020-08-10,25.0
2020-08-11,35.7
2020-08-12,21.1
2020-08-13,12.1
2020-08-14,16.9
2020-08-15,27.0
2020-08-16,18.1
2020-08-17,25.3
2020-08-18,23.0
2020-08-19,16.9
2020-08-20,18.4
2020-08-21,16.1
2020-08-22,14.9
2020-08-23,16.5
2020-08-24,11.4
2020-08-25,15.2
2020-08-26,12.5
2020-08-27,14.3
2020-08-28,22.1
2020-08-29,26.8
2020-08-30,12.7
2020-08-31,7.44
2020-09-01,14.8
2020-09-02,16.7
2020-09-03,30.3
2020-09-04,39.6
2020-09-05,17.0
2020-09-06,23.8
2020-09-07,45.0
2020-09-08,28.2
2020-09-09,49.6
2020-09-10,50.8
2020-09-11,56.8
2020-09-12,52.2
2020-09-13,59.9
2020-09-14,67.9
2020-09-15,57.2
2020-09-16,60.3
2020-09-17,41.1
2020-09-18,37.3
2020-09-19,51.7
2020-09-20,59.5
2020-09-21,58.8
2020-09-22,29.3
2020-09-23,22.9
2020-09-24,32.4
2020-09-25,50.7
2020-09-26,53.3
2020-09-27,32.1
2020-09-28,66.3
2020-09-29,64.9
2020-09-30,54.6
2020-10-01,56.1
2020-10-02,66.3
2020-10-03,75.8
2020-10-04,78.8
2020-10-05,67.0
2020-10-06,67.9
2020-10-07,82.4
2020-10-08,74.2
2020-10-09,82.2
2020-10-10,92.4
2020-10-11,90.0
2020-10-12,110.0
2020-10-13,116.0
2020-10-14,112.0
2020-10-15,132.0
2020-10-16,95.3
2020-10-17,119.0
2020-10-18,108.0
2020-10-19,106.0
2020-10-20,97.8
2020-10-21,91.7
2020-10-22,141.0
2020-10-23,193.0
2020-10-24,161.0
2020-10-25,163.0
2020-10-26,185.0
2020-10-27,166.0
2020-10-28,160.0
2020-10-29,223.0
2020-10-30,223.0
2020-10-31,266.0
2020-11-01,242.0
2020-11-02,135.0
2020-11-03,156.0
2020-11-04,354.0
2020-11-05,273.0
2020-11-06,224.0
2020-11-07,320.0
2020-11-08,307.0
2020-11-09,549.0
2020-11-10,487.0
2020-11-11,120.0
2020-11-12,159.0
2020-11-13,161.0
2020-11-14,360.0
2020-11-15,306.0
2020-11-16,93.9
2020-11-17,80.2
2020-11-18,112.0
2020-11-19,127.0
2020-11-20,135.0
2020-11-21,130.0
2020-11-22,138.0
2020-11-23,147.0
2020-11-24,235.0
2020-11-25,272.0
2020-11-26,167.0
2020-11-27,81.2
2020-11-28,118.0
2020-11-29,118.0
2020-11-30,163.0
2020-12-01,215.0
2020-12-02,216.0
2020-12-03,214.0
2020-12-04,232.0
2020-12-05,254.0
2020-12-06,224.0
2020-12-07,299.0
2020-12-08,195.0
2020-12-09,181.0
2020-12-10,128.0
2020-12-11,146.0
2020-12-12,116.25
2020-12-13,86.5
2020-12-14,87.0
2020-12-15,128.0
2020-12-16,130.0
2020-12-17,148.0
2020-12-18,134.0
2020-12-19,197.0
2020-12-20,183.0
2020-12-21,181.0
2020-12-22,293.0
2020-12-23,349.0
2020-12-24,335.0
2020-12-25,212.0
2020-12-26,205.0
2020-12-27,270.0
2020-12-28,96.5
2020-12-29,128.0
2020-12-30,168.0
2020-12-31,253.0
2021-01-01,392.0
2021-01-02,401.0
2021-01-03,125.0
2021-01-04,85.8
2021-01-05,68.2
2021-01-06,129.0
2021-01-07,128.0
2021-01-08,159.0
2021-01-09,163.0
2021-01-10,145.0
2021-01-11,135.0
2021-01-12,197.0
2021-01-13,250.0
2021-01-14,423.0
2021-01-15,410.0
2021-01-16,291.0
2021-01-17,254.0
2021-01-18,223.0
2021-01-19,297.0
2021-01-20,147.0
2021-01-21,147.0
2021-01-22,223.0
2021-01-23,185.0
2021-01-24,240.0
2021-01-25,182.0
2021-01-26,175.0
2021-01-27,183.0
2021-01-28,258.0
2021-01-29,206.0
2021-01-30,152.0
2021-01-31,114.0
2021-02-01,308.0
2021-02-02,213.0
2021-02-03,179.0
2021-02-04,155.0
2021-02-05,73.7
2021-02-06,119.0
2021-02-07,137.0
2021-02-08,183.0
2021-02-09,195.0
2021-02-10,141.0
2021-02-11,188.0
2021-02-12,229.0
2021-02-13,169.0
2021-02-14,191.0
2021-02-15,199.0
2021-02-16,175.0
2021-02-17,157.0
2021-02-18,136.0
2021-02-19,182.0
2021-02-20,154.66666666666666
2021-02-21,127.33333333333334
2021-02-22,100.0
2021-02-23,81.1
2021-02-24,92.6
2021-02-25,147.0
2021-02-26,159.0
2021-02-27,55.0
2021-02-28,47.7
2021-03-01,71.1
2021-03-02,65.9
2021-03-03,91.3
2021-03-04,106.0
2021-03-05,98.2
2021-03-06,109.0
2021-03-07,101.0
2021-03-08,107.0
2021-03-09,145.0
2021-03-10,74.8
2021-03-11,111.0
2021-03-12,60.9
2021-03-13,80.7
2021-03-14,102.0
2021-03-15,91.1
2021-03-16,122.0
2021-03-17,110.0
2021-03-18,109.0
2021-03-19,96.6
2021-03-20,114.0
2021-03-21,97.5
2021-03-22,73.1
2021-03-23,71.1
2021-03-24,58.6
2021-03-25,48.3
2021-03-26,76.2
2021-03-27,79.4
2021-03-28,74.6
2021-03-29,84.3
2021-03-30,80.0
2021-03-31,61.2
2021-04-01,39.2
2021-04-02,62.3
2021-04-03,33.9
2021-04-04,59.2
2021-04-05,76.9
2021-04-06,124.0
2021-04-07,65.0
2021-04-08,47.4
2021-04-09,79.4
2021-04-10,72.5
2021-04-11,69.3
2021-04-12,112.0
2021-04-13,96.8
2021-04-14,64.9
2021-04-15,79.5
2021-04-16,66.8
2021-04-17,36.2
2021-04-18,49.7
2021-04-19,66.7
2021-04-20,57.3
2021-04-21,38.3
2021-04-22,41.1
2021-04-23,40.6
2021-04-24,30.2
2021-04-25,52.5
2021-04-26,74.8
2021-04-27,97.1
2021-04-28,173.0
2021-04-29,149.0
2021-04-30,110.0
2021-05-01,96.8
2021-05-02,77.3
2021-05-03,120.0
2021-05-04,62.8
2021-05-05,63.5
2021-05-06,61.4
2021-05-07,56.2
2021-05-08,52.0
2021-05-09,55.5
2021-05-10,49.8
2021-05-11,45.6
2021-05-12,35.4
2021-05-13,35.2
2021-05-14,55.5
2021-05-15,45.0
2021-05-16,51.9
2021-05-17,73.4
2021-05-18,23.0
2021-05-19,20.6
2021-05-20,24.5
2021-05-21,23.7
2021-05-22,20.4
2021-05-23,27.8
2021-05-24,35.2
2021-05-25,42.6
2021-05-26,60.3
2021-05-27,39.6
2021-05-28,31.0
2021-05-29,18.1
2021-05-30,18.7
2021-05-31,38.8
2021-06-01,23.0
2021-06-02,48.1
2021-06-03,57.3
2021-06-04,44.5
2021-06-05,42.5
2021-06-06,36.0
2021-06-07,53.6
2021-06-08,61.6
2021-06-09,47.3
2021-06-10,33.0
2021-06-11,38.6
2021-06-12,34.8
2021-06-13,36.7
2021-06-14,34.0
2021-06-15,29.1
2021-06-16,28.3
2021-06-17,35.8
2021-06-18,29.3
2021-06-19,21.8
2021-06-20,25.2
2021-06-21,35.5
2021-06-22,41.8
2021-06-23,75.2
2021-06-24,51.2
2021-06-25,47.1
2021-06-26,41.3
2021-06-27,70.0
2021-06-28,63.4
2021-06-29,74.2
2021-06-30,68.0
2021-07-01,27.0
2021-07-02,57.4
2021-07-03,37.1
2021-07-04,46.9
2021-07-05,41.4
2021-07-06,41.5
2021-07-07,55.1
2021-07-08,45.2
2021-07-09,46.1
2021-07-10,36.7
2021-07-11,33.266666666666666
2021-07-12,29.833333333333332
2021-07-13,26.4
2021-07-14,28.6
2021-07-15,44.5
2021-07-16,35.3
2021-07-17,40.7
2021-07-18,28.2
2021-07-19,11.4
2021-07-20,27.6
2021-07-21,34.0
2021-07-22,26.4
2021-07-23,26.4
2021-07-24,33.8
2021-07-25,33.7
2021-07-26,32.12222222222223
2021-07-27,30.544444444444448
2021-07-28,
2021-07-29,
2021-07-30,
2021-07-31,
2021-08-01,
2021-08-02,
2021-08-03,19.5
2021-08-04,17.3
2021-08-05,29.4
2021-08-06,46.0
2021-08-07,39.0
2021-08-08,51.4
2021-08-09,49.2
2021-08-10,34.4
2021-08-11,26.3
2021-08-12,28.1
2021-08-13,28.4
2021-08-14,26.8
2021-08-15,28.1
2021-08-16,33.7
2021-08-17,43.1
2021-08-18,51.2
2021-08-19,68.6
2021-08-20,37.9
2021-08-21,20.1
2021-08-22,31.6
2021-08-23,28.4
2021-08-24,40.2
2021-08-25,30.5
2021-08-26,27.1
2021-08-27,39.4
2021-08-28,44.4
2021-08-29,44.5
2021-08-30,16.0
2021-08-31,18.4
2021-09-01,20.0
2021-09-02,24.5
2021-09-03,20.4
2021-09-04,20.2
2021-09-05,33.7
2021-09-06,40.7
2021-09-07,39.8
2021-09-08,21.1
2021-09-09,26.1
2021-09-10,28.9
2021-09-11,17.7
2021-09-12,22.5
2021-09-13,33.2
2021-09-14,26.1
2021-09-15,16.0
2021-09-16,18.7
2021-09-17,19.6
2021-09-18,30.3
2021-09-19,24.9
2021-09-20,25.5
2021-09-21,27.9
2021-09-22,24.4
2021-09-23,21.6
2021-09-24,20.8
2021-09-25,39.0
2021-09-26,31.3
2021-09-27,49.1
2021-09-28,45.0
2021-09-29,30.2
2021-09-30,29.1
2021-10-01,42.1
2021-10-02,49.7
2021-10-03,30.0
2021-10-04,28.5
2021-10-05,36.9
2021-10-06,46.2
2021-10-07,64.0
2021-10-08,70.9
2021-10-09,66.8
2021-10-10,51.3
2021-10-11,50.4
2021-10-12,73.6
2021-10-13,67.75
2021-10-14,61.9
2021-10-15,91.8
2021-10-16,158.0
2021-10-17,125.0
2021-10-18,12.3
2021-10-19,52.3
2021-10-20,99.0
2021-10-21,66.0
2021-10-22,45.3
2021-10-23,53.4
2021-10-24,60.0
2021-10-25,39.5
2021-10-26,67.6
2021-10-27,108.0
2021-10-28,131.0
2021-10-29,142.0
2021-10-30,102.0
2021-10-31,130.0
2021-11-01,112.0
2021-11-02,127.0
2021-11-03,147.0
2021-11-04,303.0
2021-11-05,383.0
2021-11-06,335.0
2021-11-07,252.0
2021-11-08,241.0
2021-11-09,263.0
2021-11-10,217.0
2021-11-11,280.0
2021-11-12,409.0
2021-11-13,290.0
2021-11-14,158.0
2021-11-15,187.0
2021-11-16,253.0
2021-11-17,190.0
2021-11-18,175.0
2021-11-19,225.0
2021-11-20,204.0
2021-11-21,197.0
2021-11-22,153.0
2021-11-23,138.0
2021-11-24,194.0
2021-11-25,249.0
2021-11-26,258.0
2021-11-27,215.0
2021-11-28,288.0
2021-11-29,204.0
2021-11-30,182.0
2021-12-01,220.0
2021-12-02,301.0
2021-12-03,215.0
2021-12-04,166.0
2021-12-05,148.0
2021-12-06,154.0
2021-12-07,116.0
2021-12-08,119.0
2021-12-09,149.0
2021-12-10,155.0
2021-12-11,115.0
2021-12-12,117.0
2021-12-13,154.0
2021-12-14,203.0
2021-12-15,196.0
2021-12-16,211.0
2021-12-17,163.0
2021-12-18,158.0
2021-12-19,146.0
2021-12-20,181.0
2021-12-21,227.0
2021-12-22,268.0
2021-12-23,332.0
2021-12-24,280.0
2021-12-25,351.0
2021-12-26,369.0
2021-12-27,123.0
2021-12-28,128.0
2021-12-29,127.0
2021-12-30,154.0
2021-12-31,204.0
2022-01-01,227.0
2022-01-02,270.0
2022-01-03,248.0
2022-01-04,205.0
2022-01-05,278.0
2022-01-06,123.0
2022-01-07,78.6
2022-01-08,47.4
2022-01-09,46.1
2022-01-10,107.0
2022-01-11,115.0
2022-01-12,125.0
2022-01-13,249.0
2022-01-14,226.0
2022-01-15,162.0
2022-01-16,163.0
2022-01-17,201.0
2022-01-18,219.0
2022-01-19,204.0
2022-01-20,274.0
2022-01-21,204.0
2022-01-22,151.0
2022-01-23,120.0
2022-01-24,99.5
2022-01-25,123.0
2022-01-26,122.0
2022-01-27,168.0
2022-01-28,104.0
2022-01-29,127.0
2022-01-30,154.0
2022-01-31,225.0
2022-02-01,226.0
2022-02-02,175.0
2022-02-03,174.0
2022-02-04,55.5
2022-02-05,118.0
2022-02-06,106.0
2022-02-07,116.0
2022-02-08,115.0
2022-02-09,95.7
2022-02-10,77.8
2022-02-11,78.3
2022-02-12,79.5
2022-02-13,109.0
2022-02-14,76.5
2022-02-15,77.9
2022-02-16,110.0
2022-02-17,102.0
2022-02-18,105.0
2022-02-19,74.8
2022-02-20,81.5
2022-02-21,64.9
2022-02-22,86.1
2022-02-23,110.0
2022-02-24,136.0
2022-02-25,136.0
2022-02-26,28.7
2022-02-27,30.0
2022-02-28,39.4
2022-03-01,81.8
2022-03-02,104.0
2022-03-03,67.3
2022-03-04,78.3
2022-03-05,50.9
2022-03-06,69.1
2022-03-07,88.0
2022-03-08,108.0
2022-03-09,55.2
2022-03-10,59.5
2022-03-11,77.8
2022-03-12,74.7
2022-03-13,81.2
2022-03-14,104.0
2022-03-15,108.0
2022-03-16,86.4
2022-03-17,106.0
2022-03-18,119.0
2022-03-19,92.7
2022-03-20,83.2
2022-03-21,117.0
2022-03-22,71.9
2022-03-23,77.0
2022-03-24,71.8
2022-03-25,76.9
2022-03-26,85.0
2022-03-27,71.4
2022-03-28,115.0
2022-03-29,72.9
2022-03-30,91.7
2022-03-31,121.0
2022-04-01,72.7
2022-04-02,95.6
2022-04-03,86.9
2022-04-04,96.7
2022-04-05,101.0
2022-04-06,101.0
2022-04-07,118.0
2022-04-08,83.0
2022-04-09,82.8
2022-04-10,94.7
2022-04-11,94.4
2022-04-12,75.2
2022-04-13,92.8
2022-04-14,71.3
2022-04-15,62.1
2022-04-16,84.8
2022-04-17,95.3
2022-04-18,91.5
2022-04-19,111.0
2022-04-20,95.5
2022-04-21,86.3
2022-04-22,60.1
2022-04-23,102.0
2022-04-24,128.0
2022-04-25,93.6
2022-04-26,94.8
2022-04-27,150.0
2022-04-28,161.0
2022-04-29,121.0
2022-04-30,105.0
2022-05-01,73.0
2022-05-02,66.1
2022-05-03,88.3
2022-05-04,71.7
2022-05-05,63.6
2022-05-06,109.0
2022-05-07,67.8
2022-05-08,76.8
2022-05-09,61.9
2022-05-10,63.9
2022-05-11,63.032
2022-05-12,62.164
2022-05-13,
2022-05-14,
2022-05-15,
2022-05-16,
2022-05-17,
2022-05-18,
2022-05-19,
2022-05-20,
2022-05-21,
2022-05-22,
2022-05-23,
2022-05-24,
2022-05-25,
2022-05-26,
2022-05-27,
2022-05-28,
2022-05-29,
2022-05-30,
2022-05-31,
2022-06-01,
2022-06-02,
2022-06-03,
2022-06-04,42.2
2022-06-05,86.0
2022-06-06,74.66666666666667
2022-06-07,63.33333333333333
2022-06-08,52.0
2022-06-09,65.3
2022-06-10,78.8
2022-06-11,64.1
2022-06-12,70.0
2022-06-13,46.0
2022-06-14,53.4
2022-06-15,27.8
2022-06-16,27.3
2022-06-17,23.5
2022-06-18,27.9
2022-06-19,31.5
2022-06-20,35.2
2022-06-21,35.2
2022-06-22,45.5
2022-06-23,51.3
2022-06-24,61.6
2022-06-25,66.7
2022-06-26,69.1
2022-06-27,48.6
2022-06-28,62.8
2022-06-29,55.3
2022-06-30,32.1
2022-07-01,22.9
2022-07-02,31.6
2022-07-03,20.4
2022-07-04,51.6
2022-07-05,54.1
2022-07-06,44.0
2022-07-07,33.6
2022-07-08,28.5
2022-07-09,36.7
2022-07-10,27.0
2022-07-11,34.1
2022-07-12,20.3
2022-07-13,30.0
2022-07-14,25.3
2022-07-15,21.7
2022-07-16,20.5
2022-07-17,23.0
2022-07-18,33.0
2022-07-19,33.5
2022-07-20,11.1
2022-07-21,32.4
2022-07-22,46.5
2022-07-23,22.3
2022-07-24,19.4
2022-07-25,19.5
2022-07-26,23.4
2022-07-27,21.8
2022-07-28,15.9
2022-07-29,15.0
2022-07-30,15.5
2022-07-31,18.4
2022-08-01,17.3
2022-08-02,21.9
2022-08-03,37.6
2022-08-04,41.1
2022-08-05,28.3
2022-08-06,45.3
2022-08-07,35.6
2022-08-08,34.2
2022-08-09,37.2
2022-08-10,18.8
2022-08-11,13.4
2022-08-12,16.6
2022-08-13,23.6
2022-08-14,19.4
2022-08-15,15.1
2022-08-16,13.4
2022-08-17,9.23
2022-08-18,17.2
2022-08-19,12.8
2022-08-20,26.3
2022-08-21,39.8
2022-08-22,29.5
2022-08-23,21.1
2022-08-24,15.8
2022-08-25,24.0
2022-08-26,26.1
2022-08-27,28.4
2022-08-28,32.1
2022-08-29,39.7
2022-08-30,40.5
2022-08-31,37.8
2022-09-01,37.3
2022-09-02,35.5
2022-09-03,26.5
2022-09-04,18.0
2022-09-05,14.4
2022-09-06,28.9
2022-09-07,37.1
2022-09-08,52.1
2022-09-09,52.1
2022-09-10,46.7
2022-09-11,28.1
2022-09-12,17.4
2022-09-13,12.9
2022-09-14,12.6
2022-09-15,13.3
2022-09-16,9.63
2022-09-17,27.9
2022-09-18,36.5
2022-09-19,65.2
2022-09-20,42.2
2022-09-21,34.9
2022-09-22,21.6
2022-09-23,25.0
2022-09-24,25.1
2022-09-25,20.9
2022-09-26,42.4
2022-09-27,35.2
2022-09-28,46.4
2022-09-29,57.8
2022-09-30,70.0
2022-10-01,74.4
2022-10-02,61.9
2022-10-03,36.2
2022-10-04,54.4
2022-10-05,83.7
2022-10-06,12.1
2022-10-07,14.5
2022-10-08,9.65
2022-10-09,6.23
2022-10-10,10.9
2022-10-11,28.6
2022-10-12,58.6
2022-10-13,43.7
2022-10-14,66.6
2022-10-15,87.4
2022-10-16,92.2
2022-10-17,97.4
2022-10-18,90.3
2022-10-19,73.0
2022-10-20,79.8
2022-10-21,105.0
2022-10-22,110.0
2022-10-23,114.0
2022-10-24,203.0
2022-10-25,106.0
2022-10-26,126.0
2022-10-27,162.0
2022-10-28,185.0
2022-10-29,218.0
2022-10-30,169.0
2022-10-31,218.0
2022-11-01,230.0
2022-11-02,212.0
2022-11-03,379.0
2022-11-04,313.0
2022-11-05,189.0
2022-11-06,165.0
2022-11-07,161.0
2022-11-08,243.0
2022-11-09,83.7
2022-11-10,122.0
2022-11-11,229.0
2022-11-12,202.0
2022-11-13,160.0
2022-11-14,112.0
2022-11-15,89.6
2022-11-16,114.0
2022-11-17,132.0
2022-11-18,157.0
2022-11-19,136.0
2022-11-20,170.0
2022-11-21,150.0
2022-11-22,120.0
2022-11-23,121.0
2022-11-24,101.0
2022-11-25,128.0
2022-11-26,191.0
2022-11-27,179.0
2022-11-28,178.0
2022-11-29,217.0
2022-11-30,182.0
2022-12-01,209.0
2022-12-02,168.0
2022-12-03,196.0
2022-12-04,223.0
2022-12-05,178.0
2022-12-06,215.0
2022-12-07,138.0
2022-12-08,137.0
2022-12-09,169.0
2022-12-10,206.0
2022-12-11,142.0
2022-12-12,93.0
2022-12-13,69.3
2022-12-14,81.9
2022-12-15,89.5
2022-12-16,102.0
2022-12-17,145.66666666666666
2022-12-18,189.33333333333331
2022-12-19,233.0
2022-12-20,247.0
2022-12-21,223.0
2022-12-22,236.0
2022-12-23,289.0
2022-12-24,169.0
2022-12-25,202.0
2022-12-26,223.0
2022-12-27,192.0
2022-12-28,165.0
2022-12-29,190.0
2022-12-30,299.0
2022-12-31,193.0
2023-01-01,128.0
2023-01-02,269.0
2023-01-03,281.0
2023-01-04,214.0
2023-01-05,245.0
2023-01-06,311.0
2023-01-07,295.0
2023-01-08,299.0
2023-01-09,449.0
2023-01-10,300.0
2023-01-11,197.0
2023-01-12,202.0
2023-01-13,183.0
2023-01-14,164.0
2023-01-15,
2023-01-16,126.0
2023-01-17,153.0
2023-01-18,175.0
2023-01-19,223.0
2023-01-20,96.5
2023-01-21,198.0
2023-01-22,353.0
2023-01-23,136.0
2023-01-24,89.1
2023-01-25,95.1
2023-01-26,157.0
2023-01-27,101.0
2023-01-28,121.0
2023-01-29,176.0
2023-01-30,68.2
2023-01-31,90.2
2023-02-01,87.4
2023-02-02,102.0
2023-02-03,98.36666666666666
2023-02-04,94.73333333333333
2023-02-05,
2023-02-06,
2023-02-07,
2023-02-08,
2023-02-09,
2023-02-10,
2023-02-11,
2023-02-12,
2023-02-13,
2023-02-14,58.4
2023-02-15,91.0
2023-02-16,144.0
2023-02-17,141.96451612903226
2023-02-18,139.92903225806452
2023-02-19,
2023-02-20,
2023-02-21,
2023-02-22,
2023-02-23,
2023-02-24,
2023-02-25,
2023-02-26,
2023-02-27,
2023-02-28,
2023-03-01,
2023-03-02,
2023-03-03,
2023-03-04,
2023-03-05,
2023-03-06,
2023-03-07,
2023-03-08,
2023-03-09,
2023-03-10,
2023-03-11,
2023-03-12,
2023-03-13,
2023-03-14,
2023-03-15,
2023-03-16,
2023-03-17,
2023-03-18,
2023-03-19,80.9
2023-03-20,41.1
2023-03-21,49.3
2023-03-22,94.6
2023-03-23,39.7
2023-03-24,68.8
2023-03-25,31.4
2023-03-26,56.5
2023-03-27,51.2
2023-03-28,60.6
2023-03-29,69.8
2023-03-30,61.1
2023-03-31,26.9
2023-04-01,40.0
2023-04-02,46.0
2023-04-03,58.1
2023-04-04,36.0
2023-04-05,43.8
2023-04-06,33.6
2023-04-07,38.5
2023-04-08,65.7
2023-04-09,91.6
2023-04-10,70.2
2023-04-11,117.0
2023-04-12,88.9
2023-04-13,91.9
2023-04-14,96.9
2023-04-15,79.1
2023-04-16,75.6
2023-04-17,65.2
2023-04-18,68.0
2023-04-19,68.4
2023-04-20,40.9
2023-04-21,54.5
2023-04-22,59.7
2023-04-23,25.0
2023-04-24,52.6
2023-04-25,51.0
2023-04-26,73.2
2023-04-27,79.5
2023-04-28,61.9
2023-04-29,67.9
2023-04-30,50.2
2023-05-01,44.2
2023-05-02,37.8
2023-05-03,37.7
2023-05-04,50.5
2023-05-05,66.8
2023-05-06,103.0
2023-05-07,56.9
2023-05-08,51.9
2023-05-09,90.2
2023-05-10,80.8
2023-05-11,125.0
2023-05-12,74.3
2023-05-13,84.6
2023-05-14,87.8
2023-05-15,30.9
2023-05-16,129.0
2023-05-17,87.2
2023-05-18,34.5
2023-05-19,57.4
2023-05-20,56.8
2023-05-21,68.0
2023-05-22,68.3
2023-05-23,52.9
2023-05-24,29.3
2023-05-25,21.6
2023-05-26,20.3
2023-05-27,30.2
2023-05-28,39.7
2023-05-29,29.0
2023-05-30,32.0
2023-05-31,29.6
2023-06-01,37.4
2023-06-02,34.0
2023-06-03,41.3
2023-06-04,58.0
2023-06-05,59.45
2023-06-06,60.9
2023-06-07,90.6
2023-06-08,42.0
2023-06-09,24.8
2023-06-10,28.4
2023-06-11,37.0
2023-06-12,40.4
2023-06-13,57.7
2023-06-14,36.7
2023-06-15,33.8
2023-06-16,29.2
2023-06-17,35.0
2023-06-18,20.9
2023-06-19,14.0
2023-06-20,36.9
2023-06-21,29.6
2023-06-22,31.8
2023-06-23,46.5
2023-06-24,58.4
2023-06-25,18.8
2023-06-26,37.3
2023-06-27,30.5
2023-06-28,24.9
2023-06-29,42.8
2023-06-30,26.9
2023-07-01,22.3
2023-07-02,35.7
2023-07-03,48.6
2023-07-04,40.1
2023-07-05,33.1
2023-07-06,24.7
2023-07-07,29.0
2023-07-08,12.2
2023-07-09,22.0
2023-07-10,16.7
2023-07-11,38.4
2023-07-12,24.9
2023-07-13,27.9
2023-07-14,25.0
2023-07-15,26.3
2023-07-16,20.4
2023-07-17,31.0
2023-07-18,36.4
2023-07-19,27.7
2023-07-20,30.1
2023-07-21,38.9
2023-07-22,30.6
2023-07-23,18.9
2023-07-24,23.2
2023-07-25,30.4
2023-07-26,24.6
2023-07-27,32.4
2023-07-28,23.3
2023-07-29,9.13
2023-07-30,11.1
2023-07-31,33.5
2023-08-01,25.85
2023-08-02,18.2
2023-08-03,23.9
2023-08-04,29.2
2023-08-05,28.0
2023-08-06,25.9
2023-08-07,22.8
2023-08-08,23.5
2023-08-09,27.8
2023-08-10,32.0
2023-08-11,33.6
2023-08-12,28.7
2023-08-13,22.7
2023-08-14,28.7
2023-08-15,39.3
2023-08-16,40.4
2023-08-17,35.4
2023-08-18,41.2
2023-08-19,35.8
2023-08-20,30.6
2023-08-21,31.5
2023-08-22,29.0
2023-08-23,18.8
2023-08-24,20.1
2023-08-25,27.8
2023-08-26,37.7
2023-08-27,47.2
2023-08-28,42.2
2023-08-29,37.8
2023-08-30,38.7
2023-08-31,40.7
2023-09-01,36.2
2023-09-02,34.6
2023-09-03,34.7
2023-09-04,31.7
2023-09-05,35.2
2023-09-06,21.5
2023-09-07,27.2
2023-09-08,18.5
2023-09-09,9.58
2023-09-10,6.98
2023-09-11,23.4
2023-09-12,31.8
2023-09-13,45.4
2023-09-14,52.1
2023-09-15,30.0
2023-09-16,23.3
2023-09-17,18.9
2023-09-18,11.2
2023-09-19,19.7
2023-09-20,34.2
2023-09-21,32.3
2023-09-22,46.3
2023-09-23,41.2
2023-09-24,48.6
2023-09-25,57.0
2023-09-26,72.2
2023-09-27,42.9
2023-09-28,51.0
2023-09-29,61.6
2023-09-30,55.6
2023-10-01,56.8
2023-10-02,48.7
2023-10-03,51.2
2023-10-04,58.9
2023-10-05,74.5
2023-10-06,77.7
2023-10-07,60.0
2023-10-08,51.4
2023-10-09,54.3
2023-10-10,51.3
2023-10-11,83.8
2023-10-12,105.0
2023-10-13,110.0
2023-10-14,93.7
2023-10-15,72.3
2023-10-16,62.7
2023-10-17,39.2
2023-10-18,51.5
2023-10-19,43.9
2023-10-20,94.0
2023-10-21,133.0
2023-10-22,137.0
2023-10-23,127.0
2023-10-24,97.1
2023-10-25,126.0
2023-10-26,119.0
2023-10-27,129.0
2023-10-28,136.0
2023-10-29,146.0
2023-10-30,151.0
2023-10-31,189.0
2023-11-01,187.0
2023-11-02,294.0
2023-11-03,319.0
2023-11-04,358.0
2023-11-05,314.0
2023-11-06,260.0
2023-11-07,249.0
2023-11-08,300.0
2023-11-09,297.0
2023-11-10,122.0
2023-11-11,94.4
2023-11-12,132.0
2023-11-13,286.0
2023-11-14,257.0
2023-11-15,269.0
2023-11-16,345.0
2023-11-17,236.0
2023-11-18,153.0
2023-11-19,136.0
2023-11-20,187.0
2023-11-21,259.0
2023-11-22,257.0
2023-11-23,242.0
2023-11-24,269.0
2023-11-25,243.0
2023-11-26,216.0
2023-11-27,211.0
2023-11-28,132.0
2023-11-29,183.0
2023-11-30,231.0
2023-12-01,233.0
2023-12-02,174.0
2023-12-03,129.0
2023-12-04,151.0
2023-12-05,134.0
2023-12-06,140.0
2023-12-07,164.0
2023-12-08,150.0
2023-12-09,167.0
2023-12-10,168.0
2023-12-11,164.0
2023-12-12,206.0
2023-12-13,223.0
2023-12-14,172.0
2023-12-15,184.0
2023-12-16,195.0
2023-12-17,203.0
2023-12-18,178.0
2023-12-19,137.0
2023-12-20,146.0
2023-12-21,255.0
2023-12-22,343.0
2023-12-23,307.0
2023-12-24,278.0
2023-12-25,230.0
2023-12-26,247.0
2023-12-27,273.0
2023-12-28,230.0
2023-12-29,279.0
2023-12-30,303.0
2023-12-31,262.0
2024-01-01,211.0
2024-01-02,207.0
2024-01-03,222.0
2024-01-04,257.0
2024-01-05,204.0
2024-01-06,196.0
2024-01-07,193.0
2024-01-08,277.0
2024-01-09,165.0
2024-01-10,189.0
2024-01-11,221.0
2024-01-12,203.0
2024-01-13,460.0
2024-01-14,396.0
2024-01-15,208.0
2024-01-16,261.0
2024-01-17,240.0
2024-01-18,185.0
2024-01-19,202.0
2024-01-20,212.0
2024-01-21,205.0
2024-01-22,225.0
2024-01-23,253.0
2024-01-24,316.0
2024-01-25,232.0
2024-01-26,375.0
2024-01-27,194.0
2024-01-28,272.0
2024-01-29,233.0
2024-01-30,279.0
2024-01-31,253.0
2024-02-01,41.3
2024-02-02,115.0
2024-02-03,91.1
2024-02-04,142.0
2024-02-05,80.6
2024-02-06,74.9
2024-02-07,82.4
2024-02-08,71.5
2024-02-09,66.6
2024-02-10,179.0
2024-02-11,169.0
2024-02-12,179.0
2024-02-13,227.0
2024-02-14,196.0
2024-02-15,137.0
2024-02-16,127.0
2024-02-17,123.0
2024-02-18,109.0
2024-02-19,99.4
2024-02-20,136.0
2024-02-21,94.1
2024-02-22,58.4
2024-02-23,62.3
2024-02-24,81.2
2024-02-25,76.5
2024-02-26,72.0
2024-02-27,65.0
2024-02-28,63.7
2024-02-29,70.5
2024-03-01,90.7
2024-03-02,32.3
2024-03-03,51.2
2024-03-04,42.9
2024-03-05,54.3
2024-03-06,65.8
2024-03-07,79.3
2024-03-08,60.5
2024-03-09,57.5
2024-03-10,96.7
2024-03-11,77.5
2024-03-12,79.4
2024-03-13,71.3
2024-03-14,80.0
2024-03-15,39.4
2024-03-16,72.7
2024-03-17,96.3
2024-03-18,103.0
2024-03-19,96.5
2024-03-20,117.0
2024-03-21,73.7
2024-03-22,69.5
2024-03-23,89.6
2024-03-24,80.1
2024-03-25,217.0
2024-03-26,61.9
2024-03-27,53.7
2024-03-28,59.8
2024-03-29,61.1
2024-03-30,78.1
2024-03-31,75.7
2024-04-01,64.3
2024-04-02,59.0
2024-04-03,54.7
2024-04-04,42.5
2024-04-05,45.64
2024-04-06,48.78
2024-04-07,
2024-04-08,
2024-04-09,58.2
2024-04-10,82.1
2024-04-11,71.7
2024-04-12,86.6
2024-04-13,57.6
2024-04-14,44.6
2024-04-15,85.5
2024-04-16,40.0
2024-04-17,36.5
2024-04-18,60.9
2024-04-19,46.6
2024-04-20,31.8
2024-04-21,17.0
2024-04-22,38.0
2024-04-23,47.6
2024-04-24,51.1
2024-04-25,77.2
2024-04-26,53.7
2024-04-27,50.9
2024-04-28,48.5
2024-04-29,69.9
2024-04-30,51.9
2024-05-01,59.9
2024-05-02,69.9
2024-05-03,155.0
2024-05-04,130.0
2024-05-05,130.0
2024-05-06,132.0
2024-05-07,146.0
2024-05-08,84.5
2024-05-09,57.7
2024-05-10,70.8
2024-05-11,65.5
2024-05-12,74.7
2024-05-13,77.4
2024-05-14,98.9
2024-05-15,108.0
2024-05-16,99.4
2024-05-17,83.1
2024-05-18,88.7
2024-05-19,74.7
2024-05-20,74.3
2024-05-21,78.9
2024-05-22,75.9
2024-05-23,53.6
2024-05-24,50.5
2024-05-25,55.0
2024-05-26,67.0
2024-05-27,80.5
2024-05-28,82.0
2024-05-29,72.2
2024-05-30,54.2
2024-05-31,49.6
2024-06-01,70.9
2024-06-02,37.7
2024-06-03,48.5
2024-06-04,71.1
2024-06-05,66.2
2024-06-06,57.2
2024-06-07,109.0
2024-06-08,59.8
2024-06-09,46.2
2024-06-10,40.4
2024-06-11,83.3
2024-06-12,87.5
2024-06-13,79.2
2024-06-14,67.4
2024-06-15,42.8
2024-06-16,75.4
2024-06-17,69.6
2024-06-18,116.0
2024-06-19,76.3
2024-06-20,46.0
2024-06-21,61.2
2024-06-22,80.0
2024-06-23,55.7
2024-06-24,52.0
2024-06-25,60.7
2024-06-26,47.4
2024-06-27,27.1
2024-06-28,29.5
2024-06-29,39.1
2024-06-30,47.8
2024-07-01,29.9
2024-07-02,32.3
2024-07-03,30.3
2024-07-04,18.5
2024-07-05,25.0
2024-07-06,22.9
2024-07-07,7.19
2024-07-08,20.8
2024-07-09,38.1
2024-07-10,51.0
2024-07-11,45.4
2024-07-12,24.6
2024-07-13,34.9
2024-07-14,44.1
2024-07-15,40.9
2024-07-16,39.5
2024-07-17,32.0
2024-07-18,39.8
2024-07-19,58.0
2024-07-20,47.2
2024-07-21,36.9
2024-07-22,34.6
2024-07-23,44.7
2024-07-24,47.7
2024-07-25,33.4
2024-07-26,50.3
2024-07-27,37.9
2024-07-28,23.4
2024-07-29,27.4
2024-07-30,31.3
2024-07-31,23.7
2024-08-01,9.64
2024-08-02,21.7
2024-08-03,14.8
2024-08-04,11.4
2024-08-05,14.8
2024-08-06,12.2
2024-08-07,11.3
2024-08-08,12.8
2024-08-09,18.5
2024-08-10,24.5
2024-08-11,16.5
2024-08-12,23.7
2024-08-13,12.8
2024-08-14,24.6
2024-08-15,15.4
2024-08-16,12.7
2024-08-17,24.1
2024-08-18,21.9
2024-08-19,18.7
2024-08-20,16.9
2024-08-21,22.4
2024-08-22,20.9
2024-08-23,24.9
2024-08-24,49.6
2024-08-25,17.1
2024-08-26,21.2
2024-08-27,16.1
2024-08-28,15.3
2024-08-29,17.9
2024-08-30,33.7
2024-08-31,32.2
2024-09-01,33.7
2024-09-02,26.1
2024-09-03,22.0
2024-09-04,16.5
2024-09-05,25.0
2024-09-06,16.9
2024-09-07,23.4
2024-09-08,43.4
2024-09-09,41.6
2024-09-10,36.2
2024-09-11,26.9
2024-09-12,9.91
2024-09-13,11.4
2024-09-14,21.6
2024-09-15,30.8
2024-09-16,39.0
2024-09-17,46.6
2024-09-18,29.6
2024-09-19,26.0
2024-09-20,26.7
2024-09-21,32.7
2024-09-22,61.5
2024-09-23,70.8
2024-09-24,81.0
2024-09-25,71.0
2024-09-26,23.2
2024-09-27,11.3
2024-09-28,16.1
2024-09-29,23.1
2024-09-30,52.9
2024-10-01,58.9
2024-10-02,59.0
2024-10-03,45.0
2024-10-04,50.8
2024-10-05,36.8
2024-10-06,39.1
2024-10-07,43.7
2024-10-08,62.7
2024-10-09,60.0
2024-10-10,43.3
2024-10-11,55.9
2024-10-12,60.0
2024-10-13,84.3
2024-10-14,85.9
2024-10-15,76.2
2024-10-16,92.2
2024-10-17,112.0
2024-10-18,97.8
2024-10-19,101.0
2024-10-20,120.0
2024-10-21,131.0
2024-10-22,136.0
2024-10-23,194.0
2024-10-24,130.0
2024-10-25,111.0
2024-10-26,137.0
2024-10-27,157.0
2024-10-28,115.0
2024-10-29,97.7
2024-10-30,131.0
2024-10-31,176.0
2024-11-01,117.0
2024-11-02,184.0
2024-11-03,207.0
2024-11-04,218.0
2024-11-05,171.0
2024-11-06,168.0
2024-11-07,206.0
2024-11-08,180.0
2024-11-09,164.0
2024-11-10,156.0
2024-11-11,167.0
2024-11-12,177.0
2024-11-13,385.0
2024-11-14,292.0
2024-11-15,251.0
2024-11-16,321.0
2024-11-17,470.0
2024-11-18,665.0
2024-11-19,310.0
2024-11-20,253.0
2024-11-21,190.0
2024-11-22,264.0
2024-11-23,208.0
2024-11-24,134.0
2024-11-25,259.0
2024-11-26,154.0
2024-11-27,149.0
2024-11-28,167.0
2024-11-29,195.0
2024-11-30,186.0
2024-12-01,152.0
2024-12-02,134.0
2024-12-03,120.0
2024-12-04,82.3
2024-12-05,82.6
2024-12-06,93.9
2024-12-07,108.0
2024-12-08,148.0
2024-12-09,96.1
2024-12-10,109.0
2024-12-11,119.0
2024-12-12,164.0
2024-12-13,120.0
2024-12-14,106.0
2024-12-15,177.0
2024-12-16,267.0
2024-12-17,298.0
2024-12-18,373.0
2024-12-19,299.0
2024-12-20,332.0
2024-12-21,226.0
2024-12-22,286.0
2024-12-23,275.0
2024-12-24,191.0
2024-12-25,212.0
2024-12-26,210.0
2024-12-27,149.0
2024-12-28,91.8
2024-12-29,109.0
2024-12-30,116.0
2024-12-31,183.0
2025-01-01,210.0
2025-01-02,199.0
2025-01-03,268.0
2025-01-04,275.0
2025-01-05,237.0
2025-01-06,203.66666666666666
2025-01-07,170.33333333333331
2025-01-08,137.0
2025-01-09,262.0
2025-01-10,255.0
2025-01-11,164.0
2025-01-12,155.0
2025-01-13,125.0
2025-01-14,159.0
2025-01-15,264.0
2025-01-16,160.0
2025-01-17,147.0
2025-01-18,166.0
2025-01-19,219.0
2025-01-20,169.0
2025-01-21,136.0
2025-01-22,124.0
2025-01-23,111.0
2025-01-24,90.8
2025-01-25,71.7
2025-01-26,86.1
2025-01-27,113.0
2025-01-28,116.0
2025-01-29,231.0
2025-01-30,180.0
2025-01-31,183.0
2025-02-01,221.0
2025-02-02,183.0
2025-02-03,111.0
2025-02-04,157.0
2025-02-05,109.0
2025-02-06,90.5
2025-02-07,68.4
2025-02-08,75.9
2025-02-09,108.0
2025-02-10,127.0
2025-02-11,120.0
2025-02-12,78.3
2025-02-13,57.5
2025-02-14,62.4
2025-02-15,87.0
2025-02-16,146.0
2025-02-17,92.4
2025-02-18,81.9
2025-02-19,76.6
2025-02-20,53.5
2025-02-21,83.9
2025-02-22,63.2
2025-02-23,66.6
2025-02-24,84.0
2025-02-25,87.7
2025-02-26,108.0
2025-02-27,63.0
2025-02-28,52.8
2025-03-01,58.1
2025-03-02,44.5
2025-03-03,60.0
2025-03-04,49.3
2025-03-05,30.5
2025-03-06,47.1
2025-03-07,91.4
2025-03-08,67.6
2025-03-09,81.9
2025-03-10,88.6
2025-03-11,100.0
2025-03-12,96.0
2025-03-13,78.8
2025-03-14,71.8
2025-03-15,26.5
2025-03-16,45.7
2025-03-17,53.9
2025-03-18,59.9
2025-03-19,73.0
2025-03-20,51.6
2025-03-21,69.2
2025-03-22,61.5
2025-03-23,63.5
2025-03-24,71.4
2025-03-25,89.0
2025-03-26,81.7
2025-03-27,73.4
2025-03-28,54.0
2025-03-29,37.8
2025-03-30,41.9
2025-03-31,76.3
2025-04-01,73.0
2025-04-02,95.0
2025-04-03,60.5
2025-04-04,65.6
2025-04-05,63.7
2025-04-06,75.1
2025-04-07,87.8
2025-04-08,92.6
2025-04-09,96.3
2025-04-10,67.5
2025-04-11,46.8
2025-04-12,48.6
2025-04-13,52.6
2025-04-14,67.0
2025-04-15,63.8
2025-04-16,82.1
2025-04-17,68.5
2025-04-18,87.4
2025-04-19,52.5
2025-04-20,53.0
2025-04-21,69.3
2025-04-22,81.7
2025-04-23,71.2
2025-04-24,90.8
2025-04-25,86.3
2025-04-26,117.0
2025-04-27,92.0
2025-04-28,153.0
2025-04-29,86.3
2025-04-30,86.2
2025-05-01,78.1
2025-05-02,40.0
2025-05-03,68.7
2025-05-04,81.8
2025-05-05,37.2
2025-05-06,50.2
2025-05-07,52.0
2025-05-08,70.7
2025-05-09,72.3
2025-05-10,56.599999999999994
2025-05-11,40.9
2025-05-12,43.9
2025-05-13,27.5
2025-05-14,66.0
2025-05-15,211.0
2025-05-16,80.9
2025-05-17,36.3
2025-05-18,57.2
2025-05-19,74.0
2025-05-20,70.8
2025-05-21,59.5
2025-05-22,25.5
2025-05-23,41.4
2025-05-24,53.1
2025-05-25,24.1
2025-05-26,46.7
2025-05-27,44.0
2025-05-28,53.1
2025-05-29,51.1
2025-05-30,58.5
2025-05-31,63.4
2025-06-01,46.1
2025-06-02,40.6
2025-06-03,38.2
2025-06-04,48.5
2025-06-05,42.1
2025-06-06,41.2
2025-06-07,60.2
2025-06-08,60.2
2025-06-09,64.5
2025-06-10,55.1
2025-06-11,70.4
2025-06-12,69.1
2025-06-13,54.5
2025-06-14,59.0
2025-06-15,38.3
2025-06-16,41.0
2025-06-17,32.7
2025-06-18,39.9
2025-06-19,32.2
2025-06-20,26.0
2025-06-21,29.3
2025-06-22,33.0
2025-06-23,39.6
2025-06-24,42.0
2025-06-25,54.3
2025-06-26,29.0
2025-06-27,21.1
2025-06-28,25.8
2025-06-29,35.5
2025-06-30,28.1
2025-07-01,26.5
2025-07-02,25.0
2025-07-03,27.6
2025-07-04,25.9
2025-07-05,30.4
2025-07-06,30.4
2025-07-07,15.1
2025-07-08,28.4
2025-07-09,12.2
2025-07-10,13.6
2025-07-11,29.9
2025-07-12,30.0
2025-07-13,27.9
2025-07-14,18.1
2025-07-15,15.5
2025-07-16,25.0
2025-07-17,18.8
2025-07-18,22.2
2025-07-19,18.0
2025-07-20,21.0
2025-07-21,30.9
2025-07-22,31.0
2025-07-23,16.9
2025-07-24,28.3
2025-07-25,33.0
2025-07-26,22.9
2025-07-27,24.4
2025-07-28,32.1
2025-07-29,17.8
2025-07-30,18.9
2025-07-31,15.0
2025-08-01,16.2
2025-08-02,22.8
2025-08-03,24.9
2025-08-04,25.5
2025-08-05,23.5
2025-08-06,27.3
2025-08-07,22.7
2025-08-08,24.8
2025-08-09,17.8
2025-08-10,29.4
2025-08-11,27.1
2025-08-12,28.5
2025-08-13,31.5
2025-08-14,17.8
2025-08-15,41.4
2025-08-16,41.7
2025-08-17,29.4
2025-08-18,29.5
2025-08-19,24.9
2025-08-20,20.0
2025-08-21,24.1
2025-08-22,41.7
2025-08-23,25.7
2025-08-24,21.8
2025-08-25,19.0
2025-08-26,11.7
2025-08-27,26.2
2025-08-28,44.9
2025-08-29,33.9
2025-08-30,22.7
2025-08-31,20.1
2025-09-01,9.13
2025-09-02,9.29
2025-09-03,15.1
2025-09-04,19.0
2025-09-05,22.0
2025-09-06,25.5
2025-09-07,24.1
2025-09-08,18.6
2025-09-09,19.6
2025-09-10,19.4
2025-09-11,21.6
2025-09-12,21.8
2025-09-13,21.6
2025-09-14,29.0
2025-09-15,26.0
2025-09-16,31.3
2025-09-17,42.0
2025-09-18,43.6
2025-09-19,42.8
2025-09-20,34.7
2025-09-21,32.7
2025-09-22,32.0
2025-09-23,28.0
2025-09-24,27.4
2025-09-25,28.1
2025-09-26,30.1
2025-09-27,58.3
2025-09-28,29.1
2025-09-29,34.6
2025-09-30,33.7
2025-10-01,40.6
2025-10-02,37.2
2025-10-03,26.6
2025-10-04,57.9
2025-10-05,57.0
2025-10-06,23.9
2025-10-07,19.5
2025-10-08,36.9
2025-10-09,43.2
2025-10-10,65.2
2025-10-11,68.8
2025-10-12,63.9
2025-10-13,72.3
2025-10-14,74.6
2025-10-15,76.2
2025-10-16,88.6
2025-10-17,101.0
2025-10-18,111.0
2025-10-19,129.0
2025-10-20,182.0
2025-10-21,129.0
2025-10-22,202.0
2025-10-23,123.0
2025-10-24,103.0
2025-10-25,118.0
2025-10-26,120.0
2025-10-27,137.0
2025-10-28,127.0
2025-10-29,151.0
2025-10-30,187.0
2025-10-31,93.2
2025-11-01,213.0
2025-11-02,177.0
2025-11-03,124.0
2025-11-04,99.2
2025-11-05,107.0
2025-11-06,186.0
2025-11-07,215.0
2025-11-08,251.0
2025-11-09,213.0
2025-11-10,279.0
2025-11-11,297.0
2025-11-12,326.0
2025-11-13,287.0
2025-11-14,228.0
2025-11-15,199.0
2025-11-16,170.0
2025-11-17,156.0
2025-11-18,208.0
2025-11-19,239.0
2025-11-20,220.0
2025-11-21,163.0
2025-11-22,180.0
2025-11-23,223.0
2025-11-24,221.0
2025-11-25,192.0
2025-11-26,164.0
2025-11-27,221.0
2025-11-28,221.0
2025-11-29,146.0
2025-11-30,155.0
2025-12-01,152.0
2025-12-02,236.0
2025-12-03,174.0
2025-12-04,173.0
2025-12-05,178.0
2025-12-06,169.0
2025-12-07,161.0
2025-12-08,152.0
2025-12-09,130.0
2025-12-10,129.0
2025-12-11,143.0
2025-12-12,191.0
2025-12-13,357.0
2025-12-14,384.0
2025-12-15,270.0
2025-12-16,184.0
2025-12-17,184.0
2025-12-18,301.0
2025-12-19,232.0
2025-12-20,275.0
2025-12-21,239.0
2025-12-22,290.0
2025-12-23,283.0
2025-12-24,108.0
2025-12-25,104.0
2025-12-26,173.0
2025-12-27,264.0
2025-12-28,247.0
2025-12-29,285.0
2025-12-30,247.0
2025-12-31,275.0
2026-01-01,234.0
2026-01-02,96.1
2026-01-03,146.0
2026-01-04,139.0
2026-01-05,132.0
2026-01-06,186.0
2026-01-07,155.0
2026-01-08,168.0
2026-01-09,215.0
2026-01-10,171.0
2026-01-11,158.0
2026-01-12,167.0
2026-01-13,260.0
2026-01-14,237.0
2026-01-15,217.0
2026-01-16,220.0
2026-01-17,368.0
2026-01-18,291.0
2026-01-19,274.0
2026-01-20,213.0
2026-01-21,175.0
2026-01-22,178.0
2026-01-23,137.0
2026-01-24,72.4
2026-01-25,89.3
2026-01-26,112.0
2026-01-27,154.0
2026-01-28,130.0
2026-01-29,117.0
2026-01-30,125.0
2026-01-31,189.0
2026-02-01,96.0
2026-02-02,137.0
2026-02-03,134.0
2026-02-04,189.0
2026-02-05,123.0
2026-02-06,112.0
2026-02-07,107.0
2026-02-08,88.7
2026-02-09,116.0
2026-02-10,121.0
2026-02-11,140.0
2026-02-12,75.0
2026-02-13,84.6
2026-02-14,118.0
2026-02-15,90.3
2026-02-16,109.0
2026-02-17,78.4
2026-02-18,84.3
2026-02-19,90.3
2026-02-20,93.8
2026-02-21,107.0
2026-02-22,101.0
2026-02-23,89.2
2026-02-24,108.0
2026-02-25,90.0
2026-02-26,76.0
2026-02-27,69.8
2026-02-28,83.1
2026-03-01,78.8
2026-03-02,91.2
2026-03-03,83.3
2026-03-04,67.1
2026-03-05,63.1
2026-03-06,76.6
2026-03-07,97.4
2026-03-08,96.8
2026-03-09,101.0
2026-03-10,100.0
2026-03-11,86.5
2026-03-12,77.5
2026-03-13,69.2
2026-03-14,66.7
2026-03-15,44.5
2026-03-16,39.7
2026-03-17,71.2
2026-03-18,80.0
2026-03-19,50.3
2026-03-20,42.8
2026-03-21,52.9
2026-03-22,58.3
2026-03-23,49.6
2026-03-24,64.7
2026-03-25,79.3
2026-03-26,58.7
2026-03-27,46.7
2026-03-28,66.9
2026-03-29,73.3
2026-03-30,54.8
2026-03-31,49.0
2026-04-01,42.0
2026-04-02,71.5
2026-04-03,81.3
2026-04-04,48.7
2026-04-05,44.3
2026-04-06,37.0
2026-04-07,39.8
2026-04-08,29.9
2026-04-09,39.2
2026-04-10,46.0
2026-04-11,40.5
2026-04-12,49.8
2026-04-13,50.0
2026-04-14,50.8
2026-04-15,70.9
2026-04-16,87.9
2026-04-17,82.7
2026-04-18,63.0
2026-04-19,108.0
2026-04-20,58.8
2026-04-21,62.6
2026-04-22,78.2
2026-04-23,59.7
2026-04-24,91.9
2026-04-25,79.6
2026-04-26,84.7
2026-04-27,75.4
2026-04-28,59.6
2026-04-29,52.5
2026-04-30,45.4
2026-05-01,
2026-05-02,
2026-05-03,
2026-05-04,17.0
2026-05-05,33.8
2026-05-06,52.5
2026-05-07,34.0
2026-05-08,36.5
2026-05-09,48.0
2026-05-10,51.3
2026-05-11,59.8
2026-05-12,62.0
2026-05-13,57.3
2026-05-14,46.1
2026-05-15,46.5
2026-05-16,64.2
2026-05-17,62.4
2026-05-18,57.2
2026-05-19,55.5
2026-05-20,41.6
2026-05-21,51.8
2026-05-22,74.1
2026-05-23,59.2
2026-05-24,58.6
2026-05-25,79.9
2026-05-26,65.4
2026-05-27,68.5
2026-05-28,68.3
2026-05-29,29.5
2026-05-30,27.5
2026-05-31,25.1
2026-06-01,33.9
2026-06-02,39.0
2026-06-03,59.7
2026-06-04,50.3
2026-06-05,47.7
2026-06-06,57.7
2026-06-07,36.0
2026-06-08,39.1
2026-06-09,42.0
2026-06-10,47.3
2026-06-11,38.9
2026-06-12,25.7
2026-06-13,38.3
2026-06-14,54.2
2026-06-15,34.4
2026-06-16,37.8
2026-06-17,44.7
2026-06-18,54.0
2026-06-19,40.9
2026-06-20,47.9
2026-06-21,39.2
2026-06-22,35.0
2026-06-23,47.8
2026-06-24,32.3
2026-06-25,40.2
2026-06-26,30.1
2026-06-27,49.3
2026-06-28,53.9
2026-06-29,42.6
2026-06-30,53.4
2026-07-01,39.1
2026-07-02,33.1
2026-07-03,47.6
2026-07-04,58.8
2026-07-05,54.4
2026-07-06,36.0
2026-07-07,32.5
2026-07-08,30.0
2026-07-09,6.42
2026-07-10,22.0
2026-07-11,43.5
2026-07-12,64.2
2026-07-13,39.0
2026-07-14,40.8
2026-07-15,38.5
2026-07-16,45.9
2026-07-17,50.3
2026-07-18,46.0
2026-07-19,48.8
2026-07-20,43.3
2026-07-21,26.5
2026-07-22,21.9
2026-07-23,22.7
2026-07-24,28.6
2026-07-25,30.2
2026-07-26,33.0
2026-07-27,29.6
2026-07-28,20.6
2026-07-29,36.8
2026-07-30,40.4
2026-07-31,21.9
2026-08-01,38.6
2026-08-02,26.7
2026-08-03,26.9
2026-08-04,17.7
2026-08-05,35.7
2026-08-06,26.1
2026-08-07,25.0
2026-08-08,30.6
2026-08-09,32.7
2026-08-10,35.9
2026-08-11,46.2
2026-08-12,47.9
2026-08-13,32.7
2026-08-14,31.2
2026-08-15,40.4
2026-08-16,27.0
2026-08-17,26.7
2026-08-18,29.8
2026-08-19,33.2
2026-08-20,37.1
2026-08-21,28.1
2026-08-22,29.0
2026-08-23,33.5
2026-08-24,42.0
2026-08-25,37.0
2026-08-26,50.3
2026-08-27,50.7
2026-08-28,41.0
2026-08-29,30.7
2026-08-30,29.5
2026-08-31,36.9
2026-09-01,30.0
2026-09-02,30.8
2026-09-03,23.9
2026-09-04,22.7
2026-09-05,26.2
2026-09-06,24.9
2026-09-07,44.2
2026-09-08,30.3
2026-09-09,36.8
2026-09-10,34.1
2026-09-11,45.6
2026-09-12,25.4
2026-09-13,30.5
2026-09-14,39.3
2026-09-15,47.7
2026-09-16,33.0
2026-09-17,41.8
2026-09-18,30.1
2026-09-19,58.6
2026-09-20,78.7
2026-09-21,72.5
2026-09-22,71.8
2026-09-23,74.5
2026-09-24,54.6
