date,temperature,humidity,rainfall,wind_speed
2016-11-09,21.7,51,0.0,9.5
2016-11-10,21.0,59,0.0,7.1
2016-11-11,21.0,64,0.0,7.4
2016-11-12,21.7,60,0.0,7.6
2016-11-13,21.9,58,0.0,4.9
2016-11-14,21.9,61,0.0,4.7
2016-11-15,21.4,52,0.0,6.7
2016-11-16,20.1,52,0.0,8.7
2016-11-17,20.1,50,0.0,12.5
2016-11-18,20.1,55,0.0,10.4
2016-11-19,19.6,58,0.0,7.0
2016-11-20,19.7,62,0.0,6.4
2016-11-21,20.4,60,0.0,7.1
2016-11-22,20.6,53,0.0,9.9
2016-11-23,20.7,58,0.0,10.5
2016-11-24,20.0,56,0.0,10.2
2016-11-25,21.3,43,0.0,17.8
2016-11-26,22.0,39,0.0,17.4
2016-11-27,21.5,42,0.0,14.8
2016-11-28,21.0,41,0.0,12.6
2016-11-29,18.7,55,0.0,6.2
2016-11-30,19.1,71,0.0,8.1
2016-12-01,19.9,75,0.0,6.0
2016-12-02,19.3,72,0.0,5.8
2016-12-03,18.2,62,0.0,6.6
2016-12-04,17.7,59,0.0,7.5
2016-12-05,18.0,63,0.0,8.1
2016-12-06,18.2,68,0.0,5.8
2016-12-07,18.2,72,0.0,4.8
2016-12-08,17.8,73,0.0,4.2
2016-12-09,18.2,71,0.0,4.4
2016-12-10,18.6,74,0.0,7.8
2016-12-11,19.2,71,0.0,5.7
2016-12-12,18.7,68,0.0,7.0
2016-12-13,18.1,72,0.0,7.3
2016-12-14,17.4,69,0.0,9.3
2016-12-15,16.4,61,0.0,11.4
2016-12-16,15.3,64,0.0,7.6
2016-12-17,15.3,66,0.0,8.0
2016-12-18,15.0,64,0.0,8.4
2016-12-19,15.3,63,0.0,11.1
2016-12-20,17.2,57,0.0,16.7
2016-12-21,17.3,52,0.0,14.8
2016-12-22,16.5,60,0.0,7.5
2016-12-23,16.7,68,0.0,3.2
2016-12-24,16.1,73,0.0,9.6
2016-12-25,16.2,78,0.0,9.1
2016-12-26,16.1,73,0.0,11.5
2016-12-27,15.7,63,0.0,10.2
2016-12-28,15.8,68,0.0,6.3
2016-12-29,15.8,76,0.0,8.7
2016-12-30,16.0,80,0.0,9.1
2016-12-31,15.6,79,0.0,9.3
2017-01-01,15.7,80,0.0,9.1
2017-01-02,15.5,82,0.0,7.0
2017-01-03,16.1,75,0.0,5.2
2017-01-04,16.6,74,0.0,5.8
2017-01-05,16.7,78,0.0,6.6
2017-01-06,16.8,77,1.8,10.8
2017-01-07,14.6,87,5.4,10.7
2017-01-08,13.6,81,0.0,8.0
2017-01-09,13.0,72,0.0,9.5
2017-01-10,11.0,60,0.0,10.9
2017-01-11,9.7,58,0.0,10.7
2017-01-12,10.1,64,0.0,8.9
2017-01-13,10.5,66,0.0,9.2
2017-01-14,11.3,64,0.0,7.5
2017-01-15,13.8,63,0.0,6.7
2017-01-16,14.5,62,0.2,11.6
2017-01-17,10.7,76,0.0,9.7
2017-01-18,11.5,73,0.0,8.8
2017-01-19,12.9,66,0.0,13.5
2017-01-20,12.0,68,0.0,12.3
2017-01-21,13.2,66,0.1,9.5
2017-01-22,15.7,73,0.0,8.0
2017-01-23,16.3,71,0.0,9.2
2017-01-24,16.9,71,0.0,6.7
2017-01-25,18.4,75,12.8,12.9
2017-01-26,16.3,90,33.3,11.8
2017-01-27,14.7,81,1.8,12.9
2017-01-28,14.2,82,0.0,10.0
2017-01-29,14.9,82,0.0,12.4
2017-01-30,14.8,84,0.0,7.3
2017-01-31,15.6,84,0.0,6.9
2017-02-01,14.7,81,0.0,9.0
2017-02-02,14.7,79,0.0,6.3
2017-02-03,14.7,82,0.0,6.9
2017-02-04,16.8,79,0.0,14.6
2017-02-05,17.7,79,3.2,13.0
2017-02-06,16.2,78,0.1,10.7
2017-02-07,14.3,73,0.0,11.4
2017-02-08,14.8,73,0.0,8.2
2017-02-09,14.7,72,0.0,10.9
2017-02-10,14.5,68,0.0,12.4
2017-02-11,14.0,70,0.0,8.1
2017-02-12,15.0,72,0.0,7.6
2017-02-13,15.8,68,0.0,9.3
2017-02-14,16.4,65,0.0,10.5
2017-02-15,17.6,65,0.0,9.7
2017-02-16,19.9,61,0.0,12.7
2017-02-17,20.1,64,0.0,12.0
2017-02-18,20.6,66,0.0,10.2
2017-02-19,21.5,62,0.0,8.9
2017-02-20,22.4,63,0.0,7.6
2017-02-21,19.4,64,0.0,10.3
2017-02-22,18.9,57,0.0,8.9
2017-02-23,17.9,44,0.0,13.8
2017-02-24,18.3,37,0.0,17.7
2017-02-25,19.3,39,0.0,16.9
2017-02-26,18.8,46,0.0,13.2
2017-02-27,19.4,48,0.0,11.2
2017-02-28,22.0,47,0.0,5.6
2017-03-01,22.2,56,2.9,7.3
2017-03-02,20.3,62,1.3,7.4
2017-03-03,19.7,46,0.0,10.3
2017-03-04,18.4,43,0.0,11.4
2017-03-05,18.8,43,0.0,13.4
2017-03-06,19.4,43,0.0,11.9
2017-03-07,20.5,46,0.0,8.0
2017-03-08,20.5,50,1.2,11.3
2017-03-09,19.1,64,0.3,9.6
2017-03-10,17.1,77,12.1,11.1
2017-03-11,16.1,76,1.3,10.0
2017-03-12,15.9,63,0.0,9.6
2017-03-13,16.2,53,0.0,11.7
2017-03-14,17.5,53,0.0,8.2
2017-03-15,18.9,54,0.0,9.7
2017-03-16,20.3,52,0.0,8.3
2017-03-17,19.8,56,0.0,11.4
2017-03-18,20.5,50,0.0,8.8
2017-03-19,21.5,55,1.3,7.8
2017-03-20,21.8,56,0.0,11.7
2017-03-21,23.5,48,0.0,11.9
2017-03-22,25.5,48,0.0,12.3
2017-03-23,25.8,50,0.2,7.8
2017-03-24,26.0,47,0.0,12.2
2017-03-25,25.4,41,0.0,12.8
2017-03-26,26.7,38,0.0,15.1
2017-03-27,28.4,40,0.0,16.9
2017-03-28,28.9,43,0.0,12.0
2017-03-29,29.7,39,0.0,14.2
2017-03-30,29.8,36,0.0,13.6
2017-03-31,30.0,39,0.0,10.8
2017-04-01,29.8,35,0.0,12.9
2017-04-02,29.4,29,0.0,13.4
2017-04-03,29.1,31,0.0,10.6
2017-04-04,29.0,32,0.0,10.5
2017-04-05,28.3,41,1.1,20.4
2017-04-06,28.7,40,0.0,17.5
2017-04-07,26.4,40,0.0,10.2
2017-04-08,25.5,24,0.0,10.2
2017-04-09,25.6,22,0.0,17.4
2017-04-10,25.9,22,0.0,20.5
2017-04-11,28.1,24,0.0,19.1
2017-04-12,29.5,26,0.0,15.6
2017-04-13,30.3,27,0.0,8.8
2017-04-14,30.9,28,0.0,8.6
2017-04-15,31.3,27,0.0,10.2
2017-04-16,31.0,31,0.0,8.7
2017-04-17,31.9,38,0.0,10.7
2017-04-18,32.7,35,0.0,8.8
2017-04-19,33.7,20,0.0,11.2
2017-04-20,33.7,25,0.0,9.7
2017-04-21,33.3,38,0.0,10.8
2017-04-22,32.5,47,2.0,8.6
2017-04-23,31.4,38,0.0,10.8
2017-04-24,30.4,31,2.1,11.6
2017-04-25,30.5,24,0.0,13.3
2017-04-26,29.9,23,0.0,10.3
2017-04-27,30.6,24,0.0,8.4
2017-04-28,30.4,29,0.3,9.5
2017-04-29,30.8,30,0.0,7.1
2017-04-30,30.0,34,0.1,12.1
2017-05-01,29.9,31,0.0,7.4
2017-05-02,31.9,22,0.0,5.7
2017-05-03,31.6,25,0.0,8.9
2017-05-04,31.6,25,0.0,12.9
2017-05-05,31.7,26,0.0,10.4
2017-05-06,33.2,24,0.0,9.2
2017-05-07,34.5,23,0.0,8.6
2017-05-08,34.2,23,0.0,8.1
2017-05-09,33.7,32,0.0,13.4
2017-05-10,32.3,44,1.8,14.5
2017-05-11,33.6,38,0.0,10.6
2017-05-12,33.1,37,1.4,9.1
2017-05-13,33.6,33,0.1,9.4
2017-05-14,35.0,23,0.0,9.9
2017-05-15,35.2,22,0.0,9.6
2017-05-16,33.8,28,0.7,11.8
2017-05-17,31.1,40,1.0,8.0
2017-05-18,31.5,43,0.4,9.5
2017-05-19,33.1,38,0.0,8.3
2017-05-20,33.1,31,0.0,8.0
2017-05-21,32.4,34,0.0,9.5
2017-05-22,30.7,44,0.9,7.1
2017-05-23,31.5,42,0.1,9.4
2017-05-24,33.0,40,0.2,8.8
2017-05-25,33.5,39,0.0,8.0
2017-05-26,35.4,33,0.0,10.5
2017-05-27,32.9,46,0.2,15.7
2017-05-28,32.4,51,0.3,16.8
2017-05-29,29.9,57,2.4,13.8
2017-05-30,30.0,61,0.5,7.3
2017-05-31,30.9,57,0.2,12.4
2017-06-01,31.4,55,0.0,7.4
2017-06-02,32.6,43,0.0,8.9
2017-06-03,35.2,35,0.0,12.2
2017-06-04,37.3,26,0.0,16.4
2017-06-05,37.9,29,0.0,19.3
2017-06-06,36.8,36,0.3,16.4
2017-06-07,31.7,57,0.6,13.0
2017-06-08,31.4,57,3.8,6.4
2017-06-09,31.0,55,0.3,6.4
2017-06-10,32.2,51,0.6,6.4
2017-06-11,32.1,46,0.2,7.0
2017-06-12,32.8,42,0.0,10.6
2017-06-13,33.7,37,0.1,9.8
2017-06-14,34.4,35,0.4,12.2
2017-06-15,32.9,48,2.2,10.6
2017-06-16,31.0,49,0.4,6.6
2017-06-17,30.5,61,7.0,7.2
2017-06-18,30.8,66,3.1,8.7
2017-06-19,31.4,65,5.5,11.7
2017-06-20,29.7,70,10.2,5.6
2017-06-21,28.7,71,2.4,10.0
2017-06-22,29.1,68,0.0,8.3
2017-06-23,29.3,71,5.5,7.5
2017-06-24,31.6,60,0.0,4.5
2017-06-25,33.1,58,0.2,8.2
2017-06-26,33.5,60,2.3,11.5
2017-06-27,32.9,62,1.1,11.6
2017-06-28,29.4,80,24.1,12.7
2017-06-29,27.8,85,3.6,12.6
2017-06-30,27.8,86,15.1,7.8
2017-07-01,28.6,85,10.5,5.8
2017-07-02,27.9,86,12.4,9.3
2017-07-03,29.2,82,3.5,6.1
2017-07-04,30.8,75,3.8,14.9
2017-07-05,30.8,71,0.4,12.3
2017-07-06,30.1,72,1.0,8.5
2017-07-07,29.9,75,1.7,9.2
2017-07-08,31.0,72,0.1,8.0
2017-07-09,32.2,64,0.0,11.0
2017-07-10,32.0,60,0.4,13.5
2017-07-11,30.4,69,1.4,9.8
2017-07-12,28.2,78,1.1,12.1
2017-07-13,29.2,72,0.6,12.9
2017-07-14,29.7,73,0.6,13.5
2017-07-15,29.5,76,9.6,12.7
2017-07-16,29.8,79,5.1,9.4
2017-07-17,29.7,80,5.8,8.3
2017-07-18,30.2,79,4.3,6.6
2017-07-19,31.5,73,2.0,6.3
2017-07-20,29.4,78,14.0,11.0
2017-07-21,29.7,76,5.7,12.2
2017-07-22,28.4,79,1.8,18.3
2017-07-23,28.0,82,5.3,17.9
2017-07-24,27.6,84,6.3,15.1
2017-07-25,27.7,83,5.6,13.8
2017-07-26,28.7,80,0.7,10.5
2017-07-27,29.4,75,1.9,11.9
2017-07-28,29.1,76,0.9,14.2
2017-07-29,28.9,77,1.8,17.1
2017-07-30,28.5,80,2.3,9.2
2017-07-31,27.3,87,17.6,7.2
2017-08-01,26.8,90,4.8,10.5
2017-08-02,28.2,83,2.6,9.8
2017-08-03,28.9,77,1.0,14.0
2017-08-04,29.1,74,0.7,11.0
2017-08-05,29.8,72,3.8,6.9
2017-08-06,29.5,79,1.3,6.9
2017-08-07,28.4,87,17.7,5.4
2017-08-08,28.6,86,12.5,4.9
2017-08-09,27.9,89,17.3,5.4
2017-08-10,28.8,81,10.2,11.6
2017-08-11,30.2,70,0.2,18.5
2017-08-12,30.0,69,0.3,20.6
2017-08-13,29.8,71,0.5,15.4
2017-08-14,29.7,69,0.2,8.1
2017-08-15,29.8,71,0.6,9.4
2017-08-16,30.4,67,0.0,12.6
2017-08-17,31.1,64,0.0,12.8
2017-08-18,31.1,65,0.0,10.8
2017-08-19,28.2,83,6.3,13.4
2017-08-20,29.6,74,0.4,13.1
2017-08-21,29.2,78,6.2,11.8
2017-08-22,28.8,81,6.0,8.3
2017-08-23,28.0,86,3.8,8.3
2017-08-24,28.6,84,1.7,5.9
2017-08-25,28.1,86,6.7,5.6
2017-08-26,27.6,88,26.7,4.9
2017-08-27,28.6,83,1.8,6.3
2017-08-28,27.4,84,2.0,13.6
2017-08-29,27.9,80,8.0,15.0
2017-08-30,28.2,81,4.4,14.9
2017-08-31,26.4,90,24.2,10.0
2017-09-01,26.5,88,33.7,10.0
2017-09-02,25.7,88,24.7,9.8
2017-09-03,27.5,80,0.5,6.4
2017-09-04,28.6,78,0.0,10.3
2017-09-05,28.5,77,0.1,10.1
2017-09-06,28.7,76,1.5,7.3
2017-09-07,27.4,84,0.4,6.6
2017-09-08,28.2,81,0.3,6.2
2017-09-09,28.7,76,0.0,8.2
2017-09-10,29.8,73,0.0,5.9
2017-09-11,29.7,72,0.0,6.9
2017-09-12,29.4,71,0.0,7.2
2017-09-13,29.8,69,0.0,6.5
2017-09-14,29.5,73,0.0,6.1
2017-09-15,29.3,69,0.0,7.8
2017-09-16,28.7,71,0.0,6.0
2017-09-17,28.7,69,0.0,9.8
2017-09-18,29.1,65,0.0,9.5
2017-09-19,29.5,74,0.1,5.8
2017-09-20,30.0,67,0.0,5.2
2017-09-21,29.1,72,0.0,10.7
2017-09-22,25.6,85,12.4,11.7
2017-09-23,24.3,91,18.0,10.6
2017-09-24,25.3,83,0.0,11.3
2017-09-25,27.5,76,0.0,10.0
2017-09-26,28.3,71,0.0,6.5
2017-09-27,28.4,66,0.0,6.4
2017-09-28,28.6,64,0.0,6.2
2017-09-29,29.0,64,0.0,6.8
2017-09-30,28.8,63,0.0,7.6
2017-10-01,28.4,59,0.0,6.7
2017-10-02,29.0,57,0.0,7.0
2017-10-03,28.1,59,0.0,7.9
2017-10-04,28.1,62,0.0,7.7
2017-10-05,28.1,65,0.0,8.5
2017-10-06,27.9,56,0.0,8.9
2017-10-07,27.7,52,0.0,6.8
2017-10-08,27.4,62,0.0,6.4
2017-10-09,27.9,63,0.0,7.7
2017-10-10,27.9,60,0.0,6.9
2017-10-11,27.9,59,0.0,7.2
2017-10-12,28.2,55,0.0,6.8
2017-10-13,28.1,48,0.0,7.3
2017-10-14,28.0,51,0.0,7.5
2017-10-15,28.0,52,0.0,6.6
2017-10-16,27.9,52,0.0,7.5
2017-10-17,26.5,51,0.0,9.3
2017-10-18,26.2,62,0.0,7.8
2017-10-19,27.3,63,0.0,6.6
2017-10-20,28.0,58,0.0,7.1
2017-10-21,27.1,53,0.0,8.5
2017-10-22,27.0,49,0.0,8.3
2017-10-23,26.5,55,0.0,6.7
2017-10-24,25.5,51,0.0,10.2
2017-10-25,25.1,46,0.0,7.0
2017-10-26,24.7,51,0.0,7.2
2017-10-27,24.0,60,0.0,6.4
2017-10-28,24.7,61,0.0,6.8
2017-10-29,23.9,61,0.0,6.5
2017-10-30,23.4,63,0.0,6.4
2017-10-31,24.0,63,0.0,4.8
2017-11-01,24.4,61,0.0,7.8
2017-11-02,23.9,69,0.0,6.5
2017-11-03,23.4,70,0.0,6.6
2017-11-04,22.9,73,0.0,7.4
2017-11-05,23.9,67,0.0,4.8
2017-11-06,23.7,64,0.0,6.3
2017-11-07,22.9,71,0.0,6.2
2017-11-08,22.9,68,0.0,7.1
2017-11-09,22.2,72,0.0,7.8
2017-11-10,22.1,68,0.0,7.8
2017-11-11,21.3,69,0.0,7.5
2017-11-12,21.0,70,0.0,7.5
2017-11-13,20.9,70,0.0,6.4
2017-11-14,21.1,66,0.0,11.9
2017-11-15,20.8,64,0.0,9.1
2017-11-16,20.0,66,0.2,8.6
2017-11-17,19.9,69,0.1,9.4
2017-11-18,20.2,67,0.1,10.7
2017-11-19,19.0,52,0.0,12.7
2017-11-20,17.0,50,0.0,11.6
2017-11-21,16.5,51,0.0,11.8
2017-11-22,16.7,51,0.0,11.8
2017-11-23,16.6,47,0.0,11.6
2017-11-24,16.9,47,0.0,9.9
2017-11-25,17.0,52,0.0,9.7
2017-11-26,17.0,61,0.0,8.4
2017-11-27,17.3,56,0.0,11.1
2017-11-28,17.4,58,0.0,8.8
2017-11-29,17.8,63,0.0,7.3
2017-11-30,17.4,66,0.0,7.0
2017-12-01,17.1,60,0.0,5.8
2017-12-02,17.3,57,0.0,5.2
2017-12-03,17.4,53,0.0,4.4
2017-12-04,16.6,61,0.0,6.4
2017-12-05,17.3,60,0.0,6.4
2017-12-06,17.5,51,0.0,8.4
2017-12-07,17.4,37,0.1,11.3
2017-12-08,16.7,37,0.0,11.8
2017-12-09,16.7,46,0.0,7.2
2017-12-10,17.0,60,0.0,5.4
2017-12-11,17.2,67,2.1,7.0
2017-12-12,16.5,84,5.6,5.6
2017-12-13,14.3,83,0.0,6.2
2017-12-14,13.6,71,0.0,9.0
2017-12-15,13.0,70,0.0,12.5
2017-12-16,12.7,63,0.0,15.1
2017-12-17,13.7,51,0.0,17.0
2017-12-18,15.6,46,0.0,17.8
2017-12-19,14.7,59,0.0,11.2
2017-12-20,15.3,74,0.0,7.6
2017-12-21,16.2,79,0.0,8.0
2017-12-22,16.3,66,0.0,14.9
2017-12-23,15.7,59,0.0,14.0
2017-12-24,15.6,65,0.0,5.4
2017-12-25,15.1,70,0.0,8.8
2017-12-26,14.4,72,0.0,9.8
2017-12-27,15.2,66,0.0,6.9
2017-12-28,14.9,71,0.0,7.9
2017-12-29,14.1,76,0.0,8.1
2017-12-30,14.1,76,0.0,6.7
2017-12-31,12.9,75,0.0,6.8
2018-01-01,13.1,66,0.0,5.9
2018-01-02,13.4,69,0.0,5.8
2018-01-03,12.2,74,0.0,7.7
2018-01-04,11.8,74,0.0,7.0
2018-01-05,12.3,74,0.0,6.8
2018-01-06,12.0,76,0.0,7.4
2018-01-07,11.9,69,0.0,12.0
2018-01-08,12.1,70,0.0,10.8
2018-01-09,12.1,71,0.0,9.6
2018-01-10,13.3,68,0.0,14.3
2018-01-11,13.9,63,0.0,14.7
2018-01-12,14.8,58,0.0,10.9
2018-01-13,14.0,69,0.0,8.1
2018-01-14,13.5,69,0.0,9.8
2018-01-15,13.9,63,0.0,12.0
2018-01-16,14.6,57,0.0,12.1
2018-01-17,13.6,74,0.0,10.3
2018-01-18,15.1,76,0.0,7.4
2018-01-19,15.6,74,0.0,9.1
2018-01-20,14.5,64,0.0,11.9
2018-01-21,14.1,57,0.0,6.8
2018-01-22,14.1,67,0.0,7.8
2018-01-23,13.4,79,6.0,11.9
2018-01-24,12.7,82,0.8,7.6
2018-01-25,13.1,79,0.0,11.6
2018-01-26,12.5,80,0.0,8.5
2018-01-27,12.1,77,0.0,9.0
2018-01-28,12.8,75,0.0,9.1
2018-01-29,13.8,74,0.0,10.6
2018-01-30,16.3,68,0.0,16.7
2018-01-31,17.6,64,0.0,18.4
2018-02-01,17.4,67,0.0,10.9
2018-02-02,16.8,72,0.0,7.8
2018-02-03,16.3,60,0.0,9.1
2018-02-04,14.4,59,0.0,11.0
2018-02-05,14.8,56,0.0,8.0
2018-02-06,16.0,52,0.0,11.5
2018-02-07,14.4,53,0.0,12.4
2018-02-08,13.8,60,0.0,9.2
2018-02-09,14.4,60,0.0,9.1
2018-02-10,16.7,51,0.0,6.2
2018-02-11,16.2,57,1.6,11.4
2018-02-12,15.8,79,2.9,16.6
2018-02-13,15.4,79,0.0,7.8
2018-02-14,15.5,66,0.0,14.8
2018-02-15,16.8,64,0.0,15.6
2018-02-16,17.7,66,0.0,11.8
2018-02-17,18.0,67,0.0,11.7
2018-02-18,17.6,59,0.0,9.7
2018-02-19,17.4,58,0.0,7.6
2018-02-20,19.4,60,0.0,8.2
2018-02-21,21.4,58,0.0,6.9
2018-02-22,21.7,63,0.0,7.8
2018-02-23,21.9,69,0.0,6.3
2018-02-24,21.1,73,1.9,8.5
2018-02-25,21.0,68,0.3,9.8
2018-02-26,20.5,63,0.0,16.8
2018-02-27,21.5,62,0.0,11.4
2018-02-28,21.6,67,0.0,8.2
2018-03-01,21.4,65,0.0,9.0
2018-03-02,23.1,58,0.0,8.8
2018-03-03,22.6,60,0.0,7.7
2018-03-04,21.5,59,1.2,10.6
2018-03-05,20.4,57,0.0,10.0
2018-03-06,20.3,53,0.0,12.5
2018-03-07,21.1,52,0.0,11.6
2018-03-08,22.3,53,0.0,5.2
2018-03-09,22.9,52,1.1,8.8
2018-03-10,23.1,48,0.0,12.4
2018-03-11,23.3,52,0.0,11.6
2018-03-12,23.7,53,0.0,10.8
2018-03-13,25.4,49,0.0,9.0
2018-03-14,25.8,37,0.0,8.7
2018-03-15,23.8,42,0.0,9.8
2018-03-16,22.7,48,0.0,9.7
2018-03-17,21.9,40,0.0,12.3
2018-03-18,22.7,41,0.0,11.3
2018-03-19,23.6,41,0.0,8.5
2018-03-20,24.3,49,0.2,6.5
2018-03-21,23.6,56,1.6,10.7
2018-03-22,23.0,56,0.3,8.3
2018-03-23,23.0,54,0.0,9.4
2018-03-24,24.3,48,0.0,10.8
2018-03-25,25.0,44,0.0,12.8
2018-03-26,26.0,42,0.0,13.6
2018-03-27,26.3,40,0.0,9.8
2018-03-28,27.9,37,0.0,9.4
2018-03-29,27.2,34,0.0,13.4
2018-03-30,26.8,34,0.0,14.4
2018-03-31,25.7,47,0.0,11.9
2018-04-01,26.5,45,0.0,10.7
2018-04-02,28.0,45,0.0,8.5
2018-04-03,28.7,44,1.7,9.0
2018-04-04,29.2,43,0.0,8.3
2018-04-05,28.6,49,2.1,6.4
2018-04-06,27.9,52,1.1,6.9
2018-04-07,26.9,54,3.4,10.6
2018-04-08,26.7,55,1.3,13.0
2018-04-09,25.6,62,3.5,10.3
2018-04-10,26.7,58,3.1,8.6
2018-04-11,25.3,63,2.5,12.8
2018-04-12,25.4,61,0.2,6.1
2018-04-13,26.2,43,0.0,8.5
2018-04-14,27.2,34,0.0,10.4
2018-04-15,28.8,35,0.0,8.8
2018-04-16,29.2,36,5.4,10.5
2018-04-17,29.4,35,1.3,8.9
2018-04-18,29.4,28,0.0,15.5
2018-04-19,30.0,28,0.0,11.5
2018-04-20,30.3,27,1.1,16.2
2018-04-21,27.0,34,0.0,12.4
2018-04-22,27.5,25,0.0,15.0
2018-04-23,28.3,23,0.0,13.6
2018-04-24,30.1,20,0.0,10.1
2018-04-25,31.8,20,0.0,10.2
2018-04-26,32.5,20,0.0,9.1
2018-04-27,30.9,43,1.2,13.5
2018-04-28,30.7,44,0.9,13.3
2018-04-29,30.8,43,0.4,9.8
2018-04-30,31.0,42,0.7,11.3
2018-05-01,30.5,52,10.5,17.7
2018-05-02,29.8,54,5.9,17.1
2018-05-03,28.7,58,0.0,16.1
2018-05-04,29.0,55,0.0,13.5
2018-05-05,30.3,48,0.0,7.7
2018-05-06,31.0,38,0.0,10.4
2018-05-07,30.5,37,0.0,8.6
2018-05-08,27.2,46,3.5,9.1
2018-05-09,28.1,44,2.2,7.2
2018-05-10,30.2,38,0.0,8.3
2018-05-11,32.5,36,0.0,9.2
2018-05-12,32.3,42,1.1,9.6
2018-05-13,29.6,56,3.8,11.7
2018-05-14,30.0,52,0.0,8.0
2018-05-15,31.2,50,0.0,8.4
2018-05-16,31.9,42,0.4,8.1
2018-05-17,32.7,30,0.0,8.2
2018-05-18,32.5,32,0.0,6.9
2018-05-19,32.1,38,1.5,6.5
2018-05-20,32.9,28,0.0,10.2
2018-05-21,33.7,17,0.0,11.7
2018-05-22,35.5,18,0.0,9.8
2018-05-23,34.5,26,0.1,10.2
2018-05-24,33.8,30,0.0,9.2
2018-05-25,34.6,25,0.0,9.3
2018-05-26,34.9,17,0.0,9.2
2018-05-27,35.3,19,0.0,10.8
2018-05-28,34.8,28,0.0,9.2
2018-05-29,34.0,33,0.0,12.6
2018-05-30,32.8,49,0.7,14.3
2018-05-31,34.3,45,0.0,11.1
2018-06-01,33.9,48,4.8,18.0
2018-06-02,33.0,49,0.0,15.6
2018-06-03,32.9,53,0.0,13.3
2018-06-04,34.9,45,0.0,16.0
2018-06-05,35.3,45,0.7,16.1
2018-06-06,33.4,55,0.8,12.3
2018-06-07,34.1,53,0.0,8.3
2018-06-08,34.8,52,0.0,16.1
2018-06-09,31.5,69,15.2,14.0
2018-06-10,31.5,68,1.9,6.6
2018-06-11,34.0,52,0.0,11.1
2018-06-12,35.5,40,0.0,13.5
2018-06-13,36.4,38,0.0,16.8
2018-06-14,36.0,37,0.0,19.8
2018-06-15,35.5,36,0.0,17.8
2018-06-16,34.9,41,0.0,14.1
2018-06-17,31.7,58,0.2,10.4
2018-06-18,31.1,55,0.6,8.2
2018-06-19,32.6,51,0.0,8.5
2018-06-20,34.9,45,0.0,5.7
2018-06-21,35.4,42,0.0,7.4
2018-06-22,36.5,38,0.0,5.8
2018-06-23,35.9,39,0.0,8.5
2018-06-24,35.6,39,0.0,9.2
2018-06-25,36.3,36,0.0,13.2
2018-06-26,32.9,52,1.8,9.3
2018-06-27,29.2,78,29.8,9.0
2018-06-28,28.6,81,12.6,14.5
2018-06-29,29.4,76,4.3,16.6
2018-06-30,29.6,79,4.9,8.5
2018-07-01,30.7,75,4.7,10.8
2018-07-02,30.6,72,15.2,12.0
2018-07-03,30.6,68,0.7,8.6
2018-07-04,29.1,78,4.8,8.9
2018-07-05,30.8,71,0.0,6.0
2018-07-06,31.1,67,0.0,8.2
2018-07-07,31.7,65,0.0,7.8
2018-07-08,32.9,61,0.0,6.3
2018-07-09,32.9,64,0.1,9.6
2018-07-10,32.8,67,0.3,11.8
2018-07-11,31.8,72,4.5,9.6
2018-07-12,29.6,80,25.5,7.9
2018-07-13,29.1,82,6.6,8.3
2018-07-14,28.5,85,6.4,8.6
2018-07-15,29.4,83,7.4,9.4
2018-07-16,29.1,85,10.9,9.3
2018-07-17,30.4,80,3.5,9.3
2018-07-18,30.1,80,12.2,9.8
2018-07-19,30.1,80,13.3,6.5
2018-07-20,29.4,84,8.3,4.2
2018-07-21,28.4,89,20.9,5.5
2018-07-22,27.4,91,30.6,4.9
2018-07-23,28.8,86,5.1,6.5
2018-07-24,30.0,78,1.5,5.0
2018-07-25,28.8,85,8.2,6.6
2018-07-26,26.9,91,16.3,7.1
2018-07-27,26.8,90,14.2,6.6
2018-07-28,28.1,83,2.8,12.6
2018-07-29,29.0,82,2.4,9.2
2018-07-30,29.2,79,2.4,10.4
2018-07-31,29.7,76,2.5,11.9
2018-08-01,29.9,74,0.4,12.5
2018-08-02,30.5,70,0.2,12.0
2018-08-03,30.4,67,0.0,13.1
2018-08-04,30.4,66,0.0,12.4
2018-08-05,29.1,72,1.3,11.8
2018-08-06,26.8,86,4.6,5.7
2018-08-07,26.6,91,19.4,4.9
2018-08-08,27.9,86,9.4,8.4
2018-08-09,29.2,82,2.9,8.6
2018-08-10,29.5,83,2.9,5.7
2018-08-11,29.8,78,2.7,13.7
2018-08-12,28.8,79,2.1,9.2
2018-08-13,29.1,77,2.5,5.2
2018-08-14,29.3,79,1.0,6.3
2018-08-15,29.0,84,7.4,7.4
2018-08-16,29.1,85,3.4,6.9
2018-08-17,29.4,83,3.4,10.1
2018-08-18,29.2,84,6.4,7.2
2018-08-19,28.9,87,4.9,6.0
2018-08-20,29.2,86,3.6,5.3
2018-08-21,29.5,85,2.5,6.6
2018-08-22,29.3,84,10.1,5.7
2018-08-23,28.3,88,12.4,7.6
2018-08-24,28.6,83,9.1,10.1
2018-08-25,28.5,79,1.8,12.5
2018-08-26,28.6,80,1.7,8.4
2018-08-27,27.5,89,6.0,4.2
2018-08-28,27.6,88,14.0,7.4
2018-08-29,28.0,89,4.6,5.9
2018-08-30,29.0,85,3.5,6.2
2018-08-31,29.5,81,1.2,8.8
2018-09-01,28.3,86,1.3,5.1
2018-09-02,26.7,90,32.7,4.7
2018-09-03,26.7,90,8.2,4.2
2018-09-04,26.7,91,9.0,4.8
2018-09-05,27.7,85,0.9,8.4
2018-09-06,28.0,83,7.9,6.4
2018-09-07,27.9,88,8.6,6.8
2018-09-08,27.4,86,8.0,13.1
2018-09-09,27.0,83,0.2,14.1
2018-09-10,27.5,83,2.4,7.0
2018-09-11,27.8,84,3.0,8.4
2018-09-12,28.5,76,0.4,14.8
2018-09-13,28.5,71,0.0,13.6
2018-09-14,27.8,71,0.0,9.4
2018-09-15,27.9,70,0.0,8.6
2018-09-16,28.0,68,0.0,9.0
2018-09-17,28.1,71,0.0,7.8
2018-09-18,27.6,69,0.0,8.9
2018-09-19,27.7,69,0.0,8.8
2018-09-20,28.4,70,0.0,5.4
2018-09-21,27.2,78,6.2,13.2
2018-09-22,24.9,88,50.6,17.1
2018-09-23,25.4,89,15.6,20.6
2018-09-24,24.6,92,12.8,15.6
2018-09-25,25.2,85,0.3,13.2
2018-09-26,26.0,81,0.0,8.5
2018-09-27,27.0,77,0.0,5.5
2018-09-28,27.7,74,0.6,5.0
2018-09-29,27.2,74,0.0,5.5
2018-09-30,26.6,73,0.0,10.0
2018-10-01,26.6,72,0.0,8.9
2018-10-02,27.5,68,0.0,6.9
2018-10-03,26.9,65,0.0,5.5
2018-10-04,26.4,71,1.0,5.0
2018-10-05,26.4,72,0.0,5.2
2018-10-06,25.8,64,0.0,8.3
2018-10-07,25.3,67,0.0,7.1
2018-10-08,26.1,67,0.0,4.3
2018-10-09,26.2,72,0.0,9.1
2018-10-10,25.3,78,0.2,11.9
2018-10-11,24.1,80,1.3,10.2
2018-10-12,23.7,71,0.0,6.5
2018-10-13,23.2,66,0.0,7.9
2018-10-14,23.2,61,0.0,9.9
2018-10-15,24.4,58,0.0,6.7
2018-10-16,24.8,68,0.0,7.3
2018-10-17,25.0,68,0.0,7.1
2018-10-18,24.8,71,0.4,9.3
2018-10-19,25.3,60,0.0,6.4
2018-10-20,24.4,56,0.0,7.0
2018-10-21,23.4,54,0.0,8.8
2018-10-22,22.5,49,0.0,9.6
2018-10-23,23.0,48,0.0,7.7
2018-10-24,23.4,57,0.0,6.0
2018-10-25,23.2,59,0.0,6.7
2018-10-26,22.7,63,0.0,7.3
2018-10-27,23.3,61,0.0,7.3
2018-10-28,23.0,63,0.0,8.2
2018-10-29,22.8,64,0.0,7.5
2018-10-30,23.7,63,0.0,4.5
2018-10-31,23.8,63,0.0,4.8
2018-11-01,23.2,65,0.0,4.8
2018-11-02,23.5,67,0.1,7.1
2018-11-03,23.5,64,0.0,15.5
2018-11-04,22.3,61,0.0,8.9
2018-11-05,20.2,62,0.0,9.4
2018-11-06,20.0,50,0.0,13.2
2018-11-07,19.1,40,0.0,9.1
2018-11-08,20.1,49,0.0,4.3
2018-11-09,20.4,60,0.0,5.6
2018-11-10,20.8,63,0.0,4.7
2018-11-11,21.8,61,0.0,4.8
2018-11-12,21.5,68,0.0,6.0
2018-11-13,22.1,69,0.1,6.7
2018-11-14,21.5,72,1.1,7.3
2018-11-15,20.7,72,0.6,9.4
2018-11-16,19.1,61,0.0,14.5
2018-11-17,18.5,64,0.0,10.4
2018-11-18,19.8,64,0.0,7.0
2018-11-19,20.8,63,0.0,10.6
2018-11-20,20.5,72,0.0,7.1
2018-11-21,19.7,62,0.0,10.0
2018-11-22,19.6,58,0.0,5.9
2018-11-23,19.3,57,0.0,12.9
2018-11-24,19.3,53,0.0,14.9
2018-11-25,17.8,60,0.0,8.1
2018-11-26,18.5,66,0.0,8.6
2018-11-27,19.5,69,0.0,6.7
2018-11-28,19.6,72,0.0,5.1
2018-11-29,18.6,72,0.0,8.5
2018-11-30,18.3,69,0.0,9.6
2018-12-01,17.4,67,0.0,9.0
2018-12-02,17.8,58,0.0,5.3
2018-12-03,17.7,61,0.0,5.0
2018-12-04,17.3,66,0.0,6.0
2018-12-05,16.7,69,0.0,6.5
2018-12-06,17.0,67,0.0,5.7
2018-12-07,15.9,70,0.0,9.7
2018-12-08,15.4,70,0.0,7.3
2018-12-09,15.9,67,0.0,6.0
2018-12-10,15.5,72,0.1,8.0
2018-12-11,15.5,68,0.0,6.1
2018-12-12,14.6,76,0.8,8.7
2018-12-13,14.3,75,0.1,7.6
2018-12-14,14.0,70,0.0,8.6
2018-12-15,13.8,68,0.0,10.8
2018-12-16,13.4,67,0.0,8.7
2018-12-17,13.0,69,0.0,8.4
2018-12-18,12.9,66,0.0,10.3
2018-12-19,12.8,68,0.0,9.1
2018-12-20,12.4,68,0.0,7.3
2018-12-21,12.1,69,0.0,8.8
2018-12-22,11.9,70,0.0,6.5
2018-12-23,12.3,70,0.0,7.9
2018-12-24,13.2,66,0.0,7.3
2018-12-25,12.2,66,0.0,11.0
2018-12-26,11.9,63,0.0,8.0
2018-12-27,12.1,63,0.0,6.6
2018-12-28,11.5,67,0.0,12.6
2018-12-29,11.2,64,0.0,9.9
2018-12-30,13.2,61,0.0,4.8
2018-12-31,12.3,70,0.0,9.2
2019-01-01,12.7,71,0.0,7.1
2019-01-02,14.1,71,0.0,6.9
2019-01-03,13.4,70,0.0,9.9
2019-01-04,12.6,70,0.0,7.5
2019-01-05,13.4,69,0.0,11.9
2019-01-06,13.0,77,2.3,8.7
2019-01-07,12.4,77,0.0,8.3
2019-01-08,12.2,75,0.0,10.2
2019-01-09,12.6,69,0.0,12.8
2019-01-10,12.7,66,0.0,8.7
2019-01-11,12.9,68,0.0,6.9
2019-01-12,13.9,67,0.0,5.9
2019-01-13,14.5,72,0.0,7.5
2019-01-14,12.5,58,0.0,15.0
2019-01-15,11.5,56,0.0,13.2
2019-01-16,11.7,67,0.0,6.6
2019-01-17,12.7,71,0.0,7.5
2019-01-18,12.0,72,0.0,8.7
2019-01-19,14.4,67,0.0,7.1
2019-01-20,17.8,67,0.0,5.0
2019-01-21,16.2,80,6.5,14.8
2019-01-22,14.8,86,16.9,14.2
2019-01-23,13.2,84,0.1,6.4
2019-01-24,13.7,81,0.3,8.1
2019-01-25,12.1,79,0.1,8.3
2019-01-26,11.3,66,0.0,10.3
2019-01-27,10.1,66,0.0,11.7
2019-01-28,10.6,61,0.0,12.8
2019-01-29,11.1,60,0.0,12.5
2019-01-30,11.5,68,0.0,9.4
2019-01-31,13.0,69,0.6,11.4
2019-02-01,14.2,74,0.2,9.2
2019-02-02,12.9,80,0.0,10.2
2019-02-03,12.6,81,0.0,8.7
2019-02-04,14.2,73,0.0,6.6
2019-02-05,15.9,75,0.0,7.0
2019-02-06,17.1,84,9.1,12.2
2019-02-07,15.7,89,12.7,20.9
2019-02-08,12.7,71,0.0,9.1
2019-02-09,12.5,68,0.0,13.0
2019-02-10,12.4,72,0.5,7.4
2019-02-11,13.2,73,0.0,6.5
2019-02-12,15.2,75,0.0,5.2
2019-02-13,16.5,73,0.4,7.0
2019-02-14,16.3,83,4.0,14.8
2019-02-15,15.9,85,4.5,6.9
2019-02-16,14.4,85,0.1,8.2
2019-02-17,14.6,79,0.0,11.7
2019-02-18,16.3,71,0.1,11.2
2019-02-19,16.9,77,0.0,6.3
2019-02-20,17.0,82,2.6,12.5
2019-02-21,19.3,75,0.0,11.2
2019-02-22,17.9,72,0.4,15.2
2019-02-23,15.1,64,0.0,14.6
2019-02-24,15.4,66,0.2,9.1
2019-02-25,15.5,65,0.0,7.6
2019-02-26,15.6,67,2.8,11.7
2019-02-27,13.5,79,11.2,7.5
2019-02-28,13.1,70,0.0,9.4
2019-03-01,13.9,66,0.0,9.5
2019-03-02,15.0,73,6.8,6.0
2019-03-03,15.9,80,4.1,8.8
2019-03-04,16.9,80,0.2,7.9
2019-03-05,16.1,71,0.0,10.5
2019-03-06,16.7,63,0.0,10.7
2019-03-07,17.1,62,0.0,8.2
2019-03-08,18.6,58,0.0,7.9
2019-03-09,18.2,65,0.0,11.6
2019-03-10,17.7,54,0.0,9.3
2019-03-11,20.0,55,1.7,14.6
2019-03-12,19.6,57,0.0,10.9
2019-03-13,18.3,63,0.0,6.9
2019-03-14,17.2,72,0.3,11.1
2019-03-15,17.9,65,0.0,11.0
2019-03-16,18.1,57,0.0,10.5
2019-03-17,20.1,49,0.0,9.1
2019-03-18,20.7,49,0.0,7.0
2019-03-19,21.7,50,0.0,8.7
2019-03-20,23.3,47,0.0,14.4
2019-03-21,22.8,49,0.0,10.5
2019-03-22,22.0,40,0.0,13.2
2019-03-23,22.4,38,0.0,15.7
2019-03-24,24.1,45,0.0,12.9
2019-03-25,21.7,62,0.5,11.5
2019-03-26,22.3,57,0.0,11.2
2019-03-27,23.6,52,0.0,9.5
2019-03-28,26.0,52,0.0,8.2
2019-03-29,27.9,50,0.0,7.0
2019-03-30,27.0,54,0.0,7.4
2019-03-31,26.5,41,0.0,14.1
2019-04-01,25.5,33,0.0,13.7
2019-04-02,25.5,39,0.0,8.6
2019-04-03,26.3,39,0.0,9.4
2019-04-04,28.0,40,0.0,8.2
2019-04-05,29.4,41,0.0,7.1
2019-04-06,28.8,47,0.0,9.3
2019-04-07,28.2,54,0.0,10.1
2019-04-08,26.9,54,0.2,11.2
2019-04-09,28.4,47,0.0,8.1
2019-04-10,29.2,43,0.0,7.9
2019-04-11,30.4,36,0.0,8.3
2019-04-12,29.6,36,0.0,10.0
2019-04-13,29.9,38,0.0,12.0
2019-04-14,30.6,34,0.0,14.0
2019-04-15,31.1,31,0.0,11.5
2019-04-16,26.2,49,0.5,12.6
2019-04-17,21.8,73,4.6,11.6
2019-04-18,22.5,67,0.1,5.6
2019-04-19,24.5,53,0.1,9.0
2019-04-20,26.4,47,0.0,7.3
2019-04-21,28.7,39,0.0,9.3
2019-04-22,30.1,40,0.0,9.4
2019-04-23,32.1,34,0.0,8.5
2019-04-24,32.7,35,0.0,10.9
2019-04-25,33.0,36,0.0,11.1
2019-04-26,33.0,33,0.0,12.6
2019-04-27,33.5,22,0.0,18.9
2019-04-28,33.3,20,0.0,15.8
2019-04-29,33.6,19,0.0,10.5
2019-04-30,34.2,20,0.0,12.0
2019-05-01,33.0,25,0.0,8.9
2019-05-02,31.5,33,0.5,13.4
2019-05-03,31.0,33,0.0,9.7
2019-05-04,31.1,22,0.0,13.8
2019-05-05,31.1,19,0.0,14.1
2019-05-06,32.2,21,0.0,10.8
2019-05-07,32.3,20,0.0,13.3
2019-05-08,34.0,18,0.0,13.5
2019-05-09,34.2,19,0.0,17.1
2019-05-10,34.6,20,0.0,16.8
2019-05-11,32.3,29,0.0,13.1
2019-05-12,31.9,30,0.0,10.8
2019-05-13,32.4,30,0.0,8.3
2019-05-14,30.1,42,0.0,8.0
2019-05-15,30.3,45,0.1,7.3
2019-05-16,30.2,46,0.0,8.9
2019-05-17,28.3,57,2.7,7.2
2019-05-18,27.4,60,0.2,11.9
2019-05-19,30.1,43,0.0,10.8
2019-05-20,31.9,34,0.0,11.1
2019-05-21,32.6,31,0.0,10.6
2019-05-22,32.8,35,0.0,9.9
2019-05-23,33.1,37,0.0,8.3
2019-05-24,30.8,45,0.0,12.4
2019-05-25,31.1,39,0.0,15.3
2019-05-26,31.6,34,0.0,11.5
2019-05-27,33.7,27,0.0,12.0
2019-05-28,33.5,20,0.0,12.4
2019-05-29,34.7,20,0.0,10.5
2019-05-30,35.6,21,0.0,9.0
2019-05-31,36.8,20,0.0,10.8
2019-06-01,35.6,29,0.0,10.3
2019-06-02,35.5,40,0.0,13.8
2019-06-03,34.6,46,0.0,15.5
2019-06-04,34.8,42,0.0,14.4
2019-06-05,35.5,39,0.3,9.4
2019-06-06,35.6,37,0.5,11.2
2019-06-07,34.1,42,0.0,8.6
2019-06-08,35.5,33,0.0,8.1
2019-06-09,36.9,24,0.0,8.1
2019-06-10,37.2,23,0.0,7.9
2019-06-11,37.4,23,0.0,10.4
2019-06-12,34.6,44,2.2,11.6
2019-06-13,35.4,38,0.0,12.2
2019-06-14,36.0,29,0.0,15.2
2019-06-15,36.5,22,0.0,14.5
2019-06-16,33.8,43,0.0,20.4
2019-06-17,33.5,47,0.0,19.0
2019-06-18,30.5,55,0.5,8.7
2019-06-19,31.0,53,0.0,7.5
2019-06-20,31.8,48,0.0,7.1
2019-06-21,33.3,47,1.2,6.3
2019-06-22,34.7,38,0.0,8.9
2019-06-23,34.0,49,0.0,14.3
2019-06-24,31.5,60,0.6,10.5
2019-06-25,32.1,62,4.8,5.4
2019-06-26,34.8,48,0.6,8.6
2019-06-27,34.6,40,0.0,11.8
2019-06-28,35.5,38,0.0,13.3
2019-06-29,36.3,36,0.0,12.9
2019-06-30,36.8,35,0.0,11.7
2019-07-01,36.0,42,0.0,6.8
2019-07-02,35.7,46,0.0,9.1
2019-07-03,33.7,56,1.6,11.5
2019-07-04,33.0,60,6.6,10.4
2019-07-05,31.0,72,3.7,5.9
2019-07-06,31.0,69,0.3,7.9
2019-07-07,31.1,69,2.1,4.6
2019-07-08,31.9,68,4.0,5.3
2019-07-09,30.7,72,4.9,8.7
2019-07-10,31.0,74,7.1,9.1
2019-07-11,33.4,57,0.0,15.2
2019-07-12,33.4,51,0.5,13.6
2019-07-13,34.1,47,0.0,19.6
2019-07-14,32.9,52,0.0,15.9
2019-07-15,29.7,72,4.4,10.0
2019-07-16,26.6,89,20.6,9.2
2019-07-17,27.2,85,14.8,6.8
2019-07-18,27.5,82,12.8,5.0
2019-07-19,29.4,79,6.7,4.6
2019-07-20,30.0,80,12.5,6.7
2019-07-21,29.7,81,11.1,7.8
2019-07-22,30.4,80,6.1,6.3
2019-07-23,31.6,77,4.6,6.2
2019-07-24,31.5,74,6.8,9.2
2019-07-25,27.6,86,10.9,6.6
2019-07-26,27.2,87,26.9,10.4
2019-07-27,26.6,90,6.0,13.5
2019-07-28,28.1,86,7.3,14.2
2019-07-29,29.2,79,1.3,14.4
2019-07-30,28.9,78,0.8,12.4
2019-07-31,29.0,78,0.5,9.7
2019-08-01,29.3,82,2.1,9.2
2019-08-02,28.7,85,12.9,7.1
2019-08-03,28.3,88,6.8,8.2
2019-08-04,28.9,87,4.2,4.3
2019-08-05,29.2,86,18.5,5.7
2019-08-06,27.9,89,20.7,8.6
2019-08-07,28.2,88,7.0,5.6
2019-08-08,30.1,78,0.5,9.2
2019-08-09,29.3,75,0.8,21.4
2019-08-10,28.8,80,1.7,18.8
2019-08-11,29.5,79,0.3,7.9
2019-08-12,29.3,80,7.6,9.3
2019-08-13,29.1,84,20.1,9.0
2019-08-14,28.3,88,2.8,4.0
2019-08-15,29.0,82,11.2,14.0
2019-08-16,27.9,84,9.4,17.3
2019-08-17,26.1,90,8.4,20.7
2019-08-18,26.8,87,31.0,10.1
2019-08-19,28.0,84,1.3,5.0
2019-08-20,28.5,82,0.8,9.6
2019-08-21,29.3,78,0.0,9.9
2019-08-22,28.6,84,0.8,6.3
2019-08-23,29.2,82,4.0,3.5
2019-08-24,29.1,83,3.9,5.8
2019-08-25,27.5,88,12.9,8.2
2019-08-26,28.8,83,0.6,8.6
2019-08-27,29.8,80,0.1,6.3
2019-08-28,30.4,78,0.4,8.4
2019-08-29,30.1,80,1.0,9.1
2019-08-30,30.1,81,0.9,5.1
2019-08-31,30.5,78,6.4,5.4
2019-09-01,28.6,86,4.7,10.0
2019-09-02,29.5,83,1.3,4.2
2019-09-03,30.2,80,5.5,5.1
2019-09-04,29.0,85,7.8,8.9
2019-09-05,29.4,82,0.6,7.8
2019-09-06,29.7,81,0.4,7.8
2019-09-07,28.8,85,2.1,9.1
2019-09-08,29.1,83,0.2,6.3
2019-09-09,30.1,78,0.1,4.9
2019-09-10,30.6,74,0.0,5.5
2019-09-11,31.2,73,0.4,5.8
2019-09-12,30.2,79,0.6,13.4
2019-09-13,29.8,77,0.6,10.8
2019-09-14,28.7,79,0.7,12.1
2019-09-15,28.1,83,5.2,8.3
2019-09-16,29.3,81,0.4,5.4
2019-09-17,29.2,80,2.0,7.8
2019-09-18,28.5,80,3.0,11.2
2019-09-19,26.9,80,1.0,12.7
2019-09-20,27.0,83,7.7,7.0
2019-09-21,27.8,80,0.7,6.1
2019-09-22,27.1,83,13.9,8.7
2019-09-23,26.7,81,2.0,8.0
2019-09-24,27.0,80,2.9,8.6
2019-09-25,27.2,81,3.6,11.3
2019-09-26,27.6,76,1.9,15.9
2019-09-27,26.6,78,0.5,13.0
2019-09-28,25.5,83,4.6,12.8
2019-09-29,25.0,84,2.0,11.7
2019-09-30,25.3,83,6.0,7.9
2019-10-01,25.1,85,4.5,7.5
2019-10-02,26.5,80,0.2,5.3
2019-10-03,27.5,73,0.0,4.5
2019-10-04,26.1,72,4.9,8.2
2019-10-05,26.1,66,0.0,10.4
2019-10-06,26.4,62,0.0,8.2
2019-10-07,26.3,62,0.0,10.9
2019-10-08,26.4,57,0.0,7.0
2019-10-09,25.5,61,0.0,6.3
2019-10-10,26.4,59,0.0,5.9
2019-10-11,26.6,54,0.0,5.7
2019-10-12,27.3,57,0.0,6.6
2019-10-13,27.7,52,0.0,6.8
2019-10-14,27.0,58,0.0,7.5
2019-10-15,27.1,62,0.0,6.2
2019-10-16,27.6,58,0.0,6.3
2019-10-17,27.0,61,0.0,7.4
2019-10-18,26.4,65,2.7,8.9
2019-10-19,25.5,67,2.5,5.8
2019-10-20,25.7,49,0.0,9.3
2019-10-21,25.0,51,0.0,10.8
2019-10-22,24.4,48,0.0,12.0
2019-10-23,24.4,54,0.0,8.5
2019-10-24,24.2,65,0.0,6.7
2019-10-25,24.4,63,0.0,7.2
2019-10-26,24.5,61,0.0,6.2
2019-10-27,24.5,58,0.0,9.2
2019-10-28,24.1,59,0.0,7.5
2019-10-29,24.4,65,0.0,5.6
2019-10-30,25.4,64,0.0,7.7
2019-10-31,24.3,66,0.0,7.9
2019-11-01,24.8,65,0.0,6.7
2019-11-02,24.4,69,0.2,9.3
2019-11-03,23.8,71,0.0,9.1
2019-11-04,23.7,63,0.0,12.6
2019-11-05,22.9,57,0.0,12.5
2019-11-06,23.3,59,0.0,7.8
2019-11-07,22.1,71,1.4,9.7
2019-11-08,21.9,74,0.8,7.1
2019-11-09,21.8,60,0.0,11.2
2019-11-10,20.8,60,0.0,9.5
2019-11-11,20.3,59,0.0,8.4
2019-11-12,19.6,62,0.0,8.2
2019-11-13,20.7,67,0.0,7.0
2019-11-14,21.4,69,0.0,6.6
2019-11-15,21.0,72,0.0,9.0
2019-11-16,21.9,64,0.0,14.0
2019-11-17,21.7,61,0.0,18.4
2019-11-18,19.9,64,0.0,12.6
2019-11-19,19.4,66,0.0,9.3
2019-11-20,19.1,65,0.0,5.8
2019-11-21,19.6,67,0.0,7.1
2019-11-22,20.6,65,0.0,6.6
2019-11-23,20.6,62,0.0,10.6
2019-11-24,20.7,64,0.0,11.1
2019-11-25,20.0,67,0.0,6.6
2019-11-26,20.1,67,0.9,9.5
2019-11-27,19.7,68,0.0,7.1
2019-11-28,18.3,83,22.1,13.4
2019-11-29,17.7,82,0.0,6.1
2019-11-30,17.0,78,0.0,8.8
2019-12-01,15.5,74,0.0,8.5
2019-12-02,15.4,70,0.0,9.8
2019-12-03,15.1,66,0.0,10.8
2019-12-04,15.3,72,0.0,6.4
2019-12-05,15.4,74,0.0,6.6
2019-12-06,15.4,82,0.0,6.5
2019-12-07,16.0,79,0.0,5.7
2019-12-08,15.7,79,0.0,6.9
2019-12-09,15.3,73,0.0,6.2
2019-12-10,15.1,70,0.0,7.4
2019-12-11,15.7,71,0.0,6.1
2019-12-12,15.6,78,5.9,13.3
2019-12-13,15.1,87,3.7,12.3
2019-12-14,13.0,85,0.0,5.0
2019-12-15,13.2,80,0.0,8.1
2019-12-16,12.4,80,0.0,10.2
2019-12-17,11.8,80,0.0,10.1
2019-12-18,11.9,78,0.0,9.4
2019-12-19,11.5,80,0.0,5.4
2019-12-20,13.0,79,0.0,5.1
2019-12-21,13.4,81,0.2,6.2
2019-12-22,12.5,84,0.0,10.1
2019-12-23,11.8,82,0.0,10.5
2019-12-24,9.6,90,0.0,6.2
2019-12-25,8.7,87,0.0,9.7
2019-12-26,8.4,84,0.0,11.2
2019-12-27,7.3,88,0.0,7.2
2019-12-28,6.7,90,0.0,6.5
2019-12-29,7.3,86,0.0,5.2
2019-12-30,6.9,89,0.0,6.8
2019-12-31,7.6,78,0.0,6.8
2020-01-01,10.0,79,0.0,8.1
2020-01-02,12.9,79,0.0,8.6
2020-01-03,14.0,78,0.1,6.5
2020-01-04,13.4,82,0.5,5.4
2020-01-05,13.3,74,0.0,9.1
2020-01-06,13.5,76,0.0,6.7
2020-01-07,14.0,83,2.1,9.8
2020-01-08,12.8,92,17.5,9.2
2020-01-09,10.5,78,0.0,12.0
2020-01-10,10.1,77,0.0,11.7
2020-01-11,10.3,77,0.0,9.3
2020-01-12,11.8,78,0.0,8.4
2020-01-13,14.6,83,16.6,10.5
2020-01-14,14.0,86,0.3,8.6
2020-01-15,12.4,83,0.0,8.6
2020-01-16,12.4,90,11.1,7.7
2020-01-17,13.0,88,0.6,7.6
2020-01-18,12.5,89,0.2,6.3
2020-01-19,11.7,82,0.0,9.3
2020-01-20,12.1,84,0.0,8.2
2020-01-21,12.9,86,0.0,5.8
2020-01-22,12.5,82,0.0,10.1
2020-01-23,12.5,66,0.0,17.9
2020-01-24,12.8,60,0.0,17.7
2020-01-25,11.8,74,0.0,7.7
2020-01-26,13.6,79,0.0,7.0
2020-01-27,14.0,77,0.4,8.2
2020-01-28,14.2,83,16.0,13.2
2020-01-29,13.3,82,0.5,6.6
2020-01-30,12.6,77,0.0,11.2
2020-01-31,12.1,74,0.0,9.3
2020-02-01,12.3,74,0.0,7.7
2020-02-02,11.7,76,0.0,10.1
2020-02-03,12.0,74,0.0,8.3
2020-02-04,13.0,74,0.0,8.1
2020-02-05,12.9,74,0.0,10.3
2020-02-06,11.7,75,0.0,8.2
2020-02-07,12.7,71,0.1,6.7
2020-02-08,12.4,75,0.0,8.5
2020-02-09,12.8,75,0.0,8.0
2020-02-10,13.2,73,0.0,9.1
2020-02-11,13.5,73,0.0,8.6
2020-02-12,15.9,68,0.0,13.2
2020-02-13,19.2,57,0.0,18.9
2020-02-14,18.5,51,0.0,21.6
2020-02-15,17.5,47,0.0,16.4
2020-02-16,17.1,60,0.0,10.2
2020-02-17,17.5,56,0.0,10.8
2020-02-18,17.0,48,0.0,13.4
2020-02-19,18.2,54,0.0,14.9
2020-02-20,20.0,62,2.1,20.1
2020-02-21,16.2,84,13.4,18.2
2020-02-22,17.8,79,0.7,8.8
2020-02-23,17.5,82,2.6,7.2
2020-02-24,17.6,78,0.1,8.0
2020-02-25,18.0,74,0.0,9.2
2020-02-26,18.6,74,0.0,6.6
2020-02-27,19.1,76,0.0,8.1
2020-02-28,20.3,74,0.0,15.8
2020-02-29,18.7,82,9.1,14.8
2020-03-01,19.1,80,0.0,8.6
2020-03-02,19.7,78,0.2,6.2
2020-03-03,19.6,70,0.0,7.8
2020-03-04,19.2,72,1.0,8.6
2020-03-05,18.2,79,13.0,13.9
2020-03-06,16.4,86,23.3,18.2
2020-03-07,15.9,85,1.7,10.7
2020-03-08,16.5,79,0.0,7.2
2020-03-09,17.0,67,0.0,14.0
2020-03-10,17.1,68,0.0,6.4
2020-03-11,18.7,74,2.6,14.3
2020-03-12,19.6,67,0.0,13.2
2020-03-13,18.7,65,10.0,8.3
2020-03-14,16.4,82,4.2,10.2
2020-03-15,16.3,78,0.1,5.5
2020-03-16,18.0,75,0.0,9.6
2020-03-17,18.9,71,0.0,10.7
2020-03-18,20.4,67,0.0,11.0
2020-03-19,20.8,71,0.2,7.7
2020-03-20,21.2,69,0.4,8.1
2020-03-21,21.7,70,1.6,5.3
2020-03-22,22.0,68,0.0,8.1
2020-03-23,22.5,61,0.0,5.6
2020-03-24,23.6,64,0.7,7.4
2020-03-25,23.8,62,0.0,10.1
2020-03-26,23.5,61,0.0,12.7
2020-03-27,21.4,74,6.0,10.7
2020-03-28,21.3,69,0.1,10.5
2020-03-29,21.9,59,0.0,14.5
2020-03-30,21.9,55,0.0,12.1
2020-03-31,22.7,56,0.1,11.4
2020-04-01,23.9,56,0.0,7.4
2020-04-02,23.3,53,0.0,14.7
2020-04-03,22.4,44,0.0,12.0
2020-04-04,23.2,48,0.0,11.8
2020-04-05,24.0,53,0.0,9.0
2020-04-06,26.2,46,0.0,10.0
2020-04-07,25.0,46,0.4,13.7
2020-04-08,24.9,46,0.0,11.9
2020-04-09,24.4,46,0.0,10.6
2020-04-10,25.7,47,0.0,8.4
2020-04-11,27.7,42,0.0,8.1
2020-04-12,28.0,42,0.0,11.3
2020-04-13,29.3,41,0.0,10.9
2020-04-14,30.1,41,0.0,8.7
2020-04-15,30.4,38,0.0,10.2
2020-04-16,30.3,36,0.0,10.2
2020-04-17,29.6,34,0.0,12.7
2020-04-18,29.0,38,0.0,13.8
2020-04-19,27.9,43,0.0,9.8
2020-04-20,26.8,45,0.4,7.6
2020-04-21,26.1,51,0.0,8.4
2020-04-22,27.5,41,0.0,7.8
2020-04-23,28.9,38,0.0,10.1
2020-04-24,28.9,41,0.0,7.0
2020-04-25,28.5,43,0.5,8.1
2020-04-26,26.9,58,1.0,14.5
2020-04-27,25.4,69,2.8,16.4
2020-04-28,26.4,64,0.2,9.0
2020-04-29,28.6,55,0.0,7.2
2020-04-30,29.4,51,0.2,10.8
2020-05-01,30.5,54,0.0,10.7
2020-05-02,29.3,57,0.9,18.4
2020-05-03,27.7,64,21.8,13.7
2020-05-04,27.2,66,0.0,7.0
2020-05-05,28.8,50,0.0,7.7
2020-05-06,28.6,45,0.0,7.5
2020-05-07,28.6,44,0.0,10.3
2020-05-08,30.7,40,0.0,9.4
2020-05-09,31.6,41,0.0,9.9
2020-05-10,29.6,54,0.8,13.2
2020-05-11,29.1,57,0.3,11.2
2020-05-12,29.4,55,0.0,10.0
2020-05-13,29.7,55,0.3,7.7
2020-05-14,30.5,53,0.0,7.3
2020-05-15,31.4,41,0.0,12.2
2020-05-16,31.5,33,0.0,12.4
2020-05-17,31.8,32,0.0,8.8
2020-05-18,31.4,30,0.0,10.2
2020-05-19,32.1,22,0.0,7.8
2020-05-20,30.8,26,0.0,12.7
2020-05-21,32.2,26,0.0,13.7
2020-05-22,34.0,26,0.0,6.4
2020-05-23,34.6,28,0.0,8.8
2020-05-24,35.6,25,0.0,12.6
2020-05-25,35.7,22,0.0,12.8
2020-05-26,36.9,19,0.0,11.0
2020-05-27,36.5,21,0.0,9.9
2020-05-28,33.0,41,0.1,19.6
2020-05-29,30.1,58,4.2,20.7
2020-05-30,28.2,61,5.4,12.1
2020-05-31,26.8,69,0.2,7.6
2020-06-01,27.8,67,0.0,6.5
2020-06-02,29.0,62,0.0,6.5
2020-06-03,29.9,58,0.0,6.2
2020-06-04,29.6,57,0.0,7.1
2020-06-05,29.0,60,0.0,8.2
2020-06-06,29.5,58,0.0,7.6
2020-06-07,30.6,59,1.2,8.4
2020-06-08,30.8,60,0.1,6.9
2020-06-09,33.0,51,0.0,6.5
2020-06-10,33.7,52,0.0,7.5
2020-06-11,33.5,53,0.0,6.4
2020-06-12,33.8,52,0.0,9.0
2020-06-13,33.6,55,0.0,9.0
2020-06-14,33.6,56,0.0,8.6
2020-06-15,34.3,47,0.0,8.7
2020-06-16,33.8,48,0.1,9.4
2020-06-17,33.9,52,0.0,11.5
2020-06-18,34.6,50,0.0,10.1
2020-06-19,34.9,53,0.0,11.2
2020-06-20,33.7,54,1.2,12.0
2020-06-21,33.4,54,0.0,9.0
2020-06-22,31.9,61,1.0,7.2
2020-06-23,31.5,64,2.0,14.3
2020-06-24,30.3,72,3.1,11.7
2020-06-25,31.9,66,0.0,5.5
2020-06-26,32.4,65,1.4,10.0
2020-06-27,33.7,57,0.1,13.6
2020-06-28,35.0,51,0.2,13.9
2020-06-29,34.4,54,0.5,12.8
2020-06-30,32.2,63,0.0,12.2
2020-07-01,33.4,59,0.0,8.4
2020-07-02,35.1,53,0.1,8.2
2020-07-03,35.0,56,0.0,12.4
2020-07-04,33.1,64,0.0,14.5
2020-07-05,29.9,70,4.1,11.6
2020-07-06,30.6,70,0.3,10.8
2020-07-07,29.3,74,1.5,15.1
2020-07-08,28.8,82,5.4,12.5
2020-07-09,30.2,78,2.2,8.2
2020-07-10,32.7,63,1.6,10.6
2020-07-11,31.9,64,0.9,12.0
2020-07-12,31.7,66,0.5,7.9
2020-07-13,31.9,65,0.1,8.3
2020-07-14,33.2,60,0.0,7.5
2020-07-15,31.9,68,0.1,14.9
2020-07-16,30.7,73,4.6,14.2
2020-07-17,31.1,74,10.8,11.5
2020-07-18,31.6,74,2.5,10.5
2020-07-19,30.5,80,14.1,9.5
2020-07-20,29.3,79,15.3,11.3
2020-07-21,28.2,82,13.5,7.3
2020-07-22,27.2,86,14.4,8.3
2020-07-23,28.5,79,0.2,6.3
2020-07-24,28.8,78,1.6,8.4
2020-07-25,28.8,82,1.9,10.1
2020-07-26,29.9,80,2.6,6.2
2020-07-27,31.0,75,2.7,9.9
2020-07-28,31.8,67,0.4,13.3
2020-07-29,30.5,72,0.1,10.3
2020-07-30,28.9,79,3.9,7.8
2020-07-31,29.2,84,8.5,6.8
2020-08-01,29.4,84,5.6,5.6
2020-08-02,31.1,75,0.2,8.8
2020-08-03,31.7,72,1.3,8.7
2020-08-04,31.7,73,0.9,8.3
2020-08-05,30.5,79,2.1,10.7
2020-08-06,30.9,71,0.1,23.0
2020-08-07,29.9,76,0.9,16.6
2020-08-08,30.8,78,3.3,3.9
2020-08-09,29.8,83,22.8,5.6
2020-08-10,28.8,87,2.4,9.1
2020-08-11,28.9,87,15.8,6.2
2020-08-12,29.8,83,3.4,11.1
2020-08-13,26.6,95,84.6,8.1
2020-08-14,27.6,89,5.0,12.6
2020-08-15,28.9,86,2.6,11.0
2020-08-16,28.7,87,6.2,9.3
2020-08-17,29.1,86,2.1,9.1
2020-08-18,29.8,84,9.7,5.3
2020-08-19,27.1,92,16.7,7.0
2020-08-20,26.5,93,8.8,8.1
2020-08-21,28.6,79,0.2,13.3
2020-08-22,28.6,75,0.1,18.1
2020-08-23,28.1,81,2.0,17.3
2020-08-24,27.7,82,0.8,15.5
2020-08-25,28.5,80,0.9,10.7
2020-08-26,29.0,79,0.9,7.5
2020-08-27,28.7,80,1.1,6.7
2020-08-28,28.5,84,2.8,5.6
2020-08-29,28.5,83,1.8,7.2
2020-08-30,27.9,79,2.4,20.2
2020-08-31,27.9,77,1.5,16.2
2020-09-01,28.5,75,1.3,9.5
2020-09-02,28.8,76,0.8,6.6
2020-09-03,28.5,83,5.4,10.4
2020-09-04,28.9,81,2.5,10.0
2020-09-05,28.3,85,9.6,4.9
2020-09-06,28.2,86,5.3,5.5
2020-09-07,28.7,83,4.5,4.5
2020-09-08,29.3,79,0.4,5.4
2020-09-09,29.8,74,0.0,6.9
2020-09-10,29.8,72,0.0,8.6
2020-09-11,30.2,69,0.0,6.8
2020-09-12,30.2,70,0.0,6.2
2020-09-13,30.0,73,0.0,6.0
2020-09-14,29.8,77,0.6,5.3
2020-09-15,30.8,69,0.0,5.3
2020-09-16,31.4,65,0.0,7.0
2020-09-17,31.7,61,0.0,10.3
2020-09-18,32.1,58,0.0,9.8
2020-09-19,31.4,63,0.0,6.1
2020-09-20,30.7,67,0.0,8.5
2020-09-21,30.8,62,0.0,7.0
2020-09-22,30.2,73,5.7,8.3
2020-09-23,29.5,73,2.3,8.5
2020-09-24,29.6,70,0.0,7.5
2020-09-25,30.6,59,0.0,11.5
2020-09-26,29.2,56,0.0,9.7
2020-09-27,28.9,58,0.0,8.9
2020-09-28,28.5,57,0.0,10.1
2020-09-29,28.0,55,0.0,10.8
2020-09-30,27.9,51,0.0,12.2
2020-10-01,28.3,52,0.0,10.5
2020-10-02,27.9,59,0.0,8.0
2020-10-03,27.3,56,0.0,8.5
2020-10-04,26.4,52,0.0,8.6
2020-10-05,26.7,50,0.0,10.9
2020-10-06,26.7,52,0.0,10.6
2020-10-07,26.8,57,0.0,7.3
2020-10-08,26.9,56,0.0,7.0
2020-10-09,27.0,56,0.0,5.7
2020-10-10,27.3,55,0.0,6.9
2020-10-11,27.5,53,0.0,7.3
2020-10-12,27.3,60,0.0,6.3
2020-10-13,27.4,62,0.0,8.1
2020-10-14,27.6,66,0.0,7.1
2020-10-15,27.3,56,0.0,7.9
2020-10-16,25.6,47,0.0,6.8
2020-10-17,27.0,43,0.0,5.8
2020-10-18,26.1,39,0.0,8.9
2020-10-19,25.3,36,0.0,9.1
2020-10-20,24.9,36,0.0,8.9
2020-10-21,25.4,42,0.0,7.3
2020-10-22,26.2,42,0.0,6.5
2020-10-23,25.4,44,0.0,7.3
2020-10-24,24.9,43,0.0,7.7
2020-10-25,25.6,42,0.0,6.6
2020-10-26,25.1,42,0.0,7.2
2020-10-27,23.1,35,0.0,11.0
2020-10-28,23.1,39,0.0,7.0
2020-10-29,23.9,45,0.0,5.5
2020-10-30,22.4,46,0.0,9.0
2020-10-31,21.9,40,0.0,10.7
2020-11-01,21.4,30,0.0,10.7
2020-11-02,21.9,29,0.0,10.1
2020-11-03,21.9,32,0.0,7.3
2020-11-04,21.4,39,0.0,9.2
2020-11-05,22.6,40,0.0,8.0
2020-11-06,21.9,41,0.0,8.6
2020-11-07,21.4,42,0.0,10.3
2020-11-08,21.5,45,0.0,5.6
2020-11-09,20.9,52,0.0,7.1
2020-11-10,21.1,57,0.0,6.0
2020-11-11,20.6,62,0.0,7.7
2020-11-12,21.0,58,0.0,5.9
2020-11-13,21.0,53,0.0,5.1
2020-11-14,20.4,55,0.0,6.1
2020-11-15,21.1,61,4.2,14.2
2020-11-16,19.5,79,8.2,9.7
2020-11-17,18.7,74,0.0,8.3
2020-11-18,17.8,68,0.0,7.0
2020-11-19,17.2,63,0.0,6.7
2020-11-20,16.5,58,0.0,11.2
2020-11-21,16.3,52,0.0,14.1
2020-11-22,15.8,53,0.0,9.9
2020-11-23,15.8,58,0.0,5.8
2020-11-24,16.1,62,0.0,7.2
2020-11-25,17.0,64,0.0,9.0
2020-11-26,17.3,69,0.7,7.7
2020-11-27,17.3,67,0.0,12.2
2020-11-28,16.4,63,0.0,11.4
2020-11-29,15.6,64,0.0,8.7
2020-11-30,16.2,65,0.0,7.5
2020-12-01,16.6,69,0.0,7.7
2020-12-02,17.7,67,0.0,10.1
2020-12-03,18.5,64,0.0,6.3
2020-12-04,18.6,64,0.0,7.5
2020-12-05,18.9,68,0.0,10.2
2020-12-06,19.0,71,0.0,6.9
2020-12-07,18.4,74,0.0,9.4
2020-12-08,18.2,73,0.0,6.8
2020-12-09,19.4,67,0.0,5.7
2020-12-10,18.7,68,0.0,7.7
2020-12-11,18.9,70,0.2,6.8
2020-12-12,17.9,82,0.9,6.3
2020-12-13,15.1,68,0.0,11.0
2020-12-14,12.6,71,0.0,9.7
2020-12-15,11.3,72,0.0,8.7
2020-12-16,11.5,70,0.0,10.5
2020-12-17,10.2,65,0.0,13.9
2020-12-18,11.0,58,0.0,14.0
2020-12-19,12.2,59,0.0,13.1
2020-12-20,13.4,61,0.0,12.4
2020-12-21,13.2,70,0.0,9.0
2020-12-22,14.1,71,0.0,6.9
2020-12-23,14.0,72,0.0,6.4
2020-12-24,13.8,67,0.0,8.6
2020-12-25,13.3,65,0.0,9.3
2020-12-26,12.8,71,0.0,9.7
2020-12-27,14.9,64,0.2,10.0
2020-12-28,12.0,53,0.0,10.7
2020-12-29,10.3,67,0.0,11.3
2020-12-30,9.7,76,0.0,10.3
2020-12-31,9.7,79,0.0,9.1
2021-01-01,10.5,75,0.0,5.7
2021-01-02,13.7,72,4.5,9.6
2021-01-03,16.0,83,8.1,15.1
2021-01-04,16.6,88,5.6,9.9
2021-01-05,17.5,84,2.8,10.7
2021-01-06,17.5,86,2.7,8.0
2021-01-07,14.9,85,0.0,9.1
2021-01-08,13.4,85,0.0,6.3
2021-01-09,14.9,81,0.0,12.1
2021-01-10,12.3,74,0.0,14.0
2021-01-11,11.6,80,0.0,14.1
2021-01-12,11.4,77,0.0,11.3
2021-01-13,10.9,77,0.0,10.7
2021-01-14,11.3,79,0.0,6.7
2021-01-15,12.3,82,0.0,4.9
2021-01-16,10.3,86,0.0,7.8
2021-01-17,11.4,83,0.0,11.4
2021-01-18,13.4,86,3.0,10.5
2021-01-19,14.6,85,0.0,10.0
2021-01-20,14.2,83,0.0,14.9
2021-01-21,13.7,76,0.0,14.4
2021-01-22,13.4,76,0.0,9.7
2021-01-23,14.2,77,0.0,13.1
2021-01-24,13.1,79,0.0,9.8
2021-01-25,11.5,79,0.0,8.3
2021-01-26,11.7,77,0.0,9.6
2021-01-27,11.7,73,0.0,10.5
2021-01-28,10.8,75,0.0,8.6
2021-01-29,11.7,72,0.0,10.8
2021-01-30,12.0,67,0.0,12.0
2021-01-31,12.5,66,0.0,7.6
2021-02-01,14.3,72,0.0,7.4
2021-02-02,15.1,72,0.0,6.5
2021-02-03,17.2,72,0.1,12.4
2021-02-04,15.6,80,11.0,9.9
2021-02-05,13.4,83,0.0,8.8
2021-02-06,13.9,73,0.0,11.6
2021-02-07,14.7,70,0.0,12.8
2021-02-08,15.0,75,0.0,8.3
2021-02-09,16.6,71,0.0,9.2
2021-02-10,17.7,72,0.0,7.3
2021-02-11,17.0,75,0.0,7.5
2021-02-12,17.2,77,0.0,7.0
2021-02-13,16.9,78,0.0,6.1
2021-02-14,18.2,71,0.0,5.9
2021-02-15,18.9,68,0.0,6.7
2021-02-16,18.8,70,0.0,7.1
2021-02-17,18.1,71,0.0,7.4
2021-02-18,18.3,71,0.0,6.9
2021-02-19,17.9,74,0.0,7.9
2021-02-20,18.0,69,0.0,8.9
2021-02-21,18.7,66,0.0,10.6
2021-02-22,19.5,66,0.0,10.7
2021-02-23,21.5,56,0.0,8.1
2021-02-24,22.0,58,0.0,8.2
2021-02-25,22.5,59,0.0,9.5
2021-02-26,23.2,56,0.0,11.1
2021-02-27,24.1,42,0.0,10.7
2021-02-28,22.2,49,0.0,8.8
2021-03-01,20.4,46,0.0,12.7
2021-03-02,20.7,40,0.0,17.8
2021-03-03,22.3,39,0.0,12.4
2021-03-04,23.7,44,0.0,5.6
2021-03-05,22.6,45,0.0,15.1
2021-03-06,22.6,43,0.0,12.4
2021-03-07,24.8,42,0.0,10.8
2021-03-08,24.7,50,0.0,14.9
2021-03-09,24.7,59,0.2,7.2
2021-03-10,23.9,61,0.1,8.0
2021-03-11,24.8,53,0.0,7.9
2021-03-12,23.4,54,0.7,10.5
2021-03-13,23.3,61,0.0,6.8
2021-03-14,23.2,50,0.0,10.5
2021-03-15,24.1,51,0.0,11.4
2021-03-16,24.4,47,0.0,11.4
2021-03-17,25.1,42,0.0,9.5
2021-03-18,24.8,47,0.0,7.8
2021-03-19,24.7,51,0.0,8.4
2021-03-20,24.9,44,0.0,11.5
2021-03-21,25.8,42,0.0,9.7
2021-03-22,25.0,48,0.0,11.6
2021-03-23,24.7,49,0.5,11.1
2021-03-24,24.4,44,0.0,9.8
2021-03-25,23.5,40,0.0,16.2
2021-03-26,23.6,46,0.0,13.8
2021-03-27,25.6,45,0.0,7.8
2021-03-28,27.9,43,0.0,7.2
2021-03-29,29.3,37,0.0,8.7
2021-03-30,30.2,30,0.0,19.2
2021-03-31,27.6,23,0.0,20.7
2021-04-01,26.1,16,0.0,21.3
2021-04-02,25.3,17,0.0,12.2
2021-04-03,25.2,19,0.0,8.8
2021-04-04,26.6,22,0.0,10.9
2021-04-05,29.4,26,0.0,10.4
2021-04-06,30.1,29,0.0,10.0
2021-04-07,28.7,31,0.0,11.5
2021-04-08,27.1,25,0.0,11.5
2021-04-09,26.9,21,0.0,11.1
2021-04-10,28.2,18,0.0,11.3
2021-04-11,29.1,20,0.0,10.1
2021-04-12,29.9,19,0.0,9.5
2021-04-13,30.3,22,0.0,12.3
2021-04-14,30.6,22,0.0,13.5
2021-04-15,31.0,19,0.0,10.8
2021-04-16,29.4,33,2.6,10.7
2021-04-17,27.5,44,0.0,10.1
2021-04-18,28.9,29,0.0,8.4
2021-04-19,29.5,29,0.0,11.2
2021-04-20,27.7,29,0.0,15.4
2021-04-21,26.2,41,0.0,13.5
2021-04-22,26.5,43,0.0,8.7
2021-04-23,27.7,35,0.0,17.5
2021-04-24,26.5,36,0.0,13.0
2021-04-25,28.7,27,0.0,13.8
2021-04-26,30.0,24,0.0,9.3
2021-04-27,32.8,22,0.0,9.7
2021-04-28,33.8,19,0.0,10.8
2021-04-29,33.3,21,0.0,11.1
2021-04-30,32.2,28,0.0,9.3
2021-05-01,32.2,30,0.0,9.1
2021-05-02,31.9,30,0.0,7.9
2021-05-03,31.7,31,0.0,8.3
2021-05-04,32.8,30,0.0,9.7
2021-05-05,31.5,39,0.3,12.8
2021-05-06,29.3,53,6.1,14.4
2021-05-07,28.3,56,4.1,8.3
2021-05-08,31.1,39,0.0,7.3
2021-05-09,31.0,40,0.0,8.4
2021-05-10,30.5,42,0.4,10.1
2021-05-11,31.3,41,0.1,11.3
2021-05-12,29.8,45,0.4,11.6
2021-05-13,27.3,58,1.5,13.3
2021-05-14,29.6,47,0.0,8.8
2021-05-15,30.2,41,0.0,6.8
2021-05-16,31.6,37,0.0,7.2
2021-05-17,32.3,35,0.0,7.2
2021-05-18,27.1,54,1.1,10.5
2021-05-19,21.7,87,98.7,13.7
2021-05-20,24.2,77,31.5,15.2
2021-05-21,26.1,76,2.3,9.8
2021-05-22,28.5,66,0.0,6.6
2021-05-23,28.4,56,0.0,10.1
2021-05-24,28.8,42,0.0,15.6
2021-05-25,30.1,35,0.0,14.8
2021-05-26,30.2,36,0.0,8.2
2021-05-27,30.2,44,0.0,6.8
2021-05-28,30.4,59,0.0,13.2
2021-05-29,31.1,55,0.0,16.9
2021-05-30,30.3,63,0.7,11.8
2021-05-31,31.6,59,0.1,8.2
2021-06-01,29.0,66,0.5,8.7
2021-06-02,29.3,64,5.4,6.1
2021-06-03,30.3,59,0.0,5.9
2021-06-04,30.4,62,0.0,6.0
2021-06-05,30.9,59,0.1,9.0
2021-06-06,31.9,52,0.0,8.1
2021-06-07,32.7,50,0.0,7.8
2021-06-08,35.0,39,0.0,15.6
2021-06-09,36.0,38,0.0,16.0
2021-06-10,33.0,58,0.0,15.8
2021-06-11,32.1,59,0.0,12.5
2021-06-12,32.4,59,0.0,16.0
2021-06-13,30.7,67,7.2,8.1
2021-06-14,31.3,61,0.0,7.9
2021-06-15,30.6,64,4.2,9.0
2021-06-16,29.4,72,2.3,8.6
2021-06-17,30.0,68,0.1,9.2
2021-06-18,29.3,70,0.7,12.0
2021-06-19,28.4,72,0.2,11.6
2021-06-20,28.9,73,1.1,8.8
2021-06-21,30.7,64,0.1,8.7
2021-06-22,33.5,48,0.0,8.7
2021-06-23,34.4,43,0.0,7.7
2021-06-24,32.5,58,0.0,10.6
2021-06-25,32.5,59,1.6,8.8
2021-06-26,32.0,57,0.0,5.9
2021-06-27,33.4,54,0.0,9.1
2021-06-28,34.3,49,0.0,7.2
2021-06-29,36.1,38,0.0,11.5
2021-06-30,36.9,30,0.0,18.5
2021-07-01,37.0,33,0.0,16.6
2021-07-02,35.5,42,0.1,14.8
2021-07-03,33.3,50,0.0,10.9
2021-07-04,34.2,48,0.0,7.9
2021-07-05,34.7,46,0.0,8.3
2021-07-06,35.2,45,0.0,11.9
2021-07-07,36.2,40,0.0,11.2
2021-07-08,36.0,39,0.0,13.2
2021-07-09,33.2,58,0.2,13.4
2021-07-10,33.6,58,1.2,10.7
2021-07-11,32.1,64,2.0,17.5
2021-07-12,30.5,69,4.9,18.6
2021-07-13,30.0,76,5.3,11.7
2021-07-14,29.3,81,9.4,11.1
2021-07-15,30.7,75,2.5,11.7
2021-07-16,31.0,74,3.8,10.9
2021-07-17,32.7,67,0.7,7.4
2021-07-18,30.2,81,24.9,8.8
2021-07-19,26.3,96,122.7,6.8
2021-07-20,27.8,88,27.3,3.9
2021-07-21,28.8,85,5.3,6.7
2021-07-22,28.0,87,5.1,9.1
2021-07-23,28.9,85,5.8,9.1
2021-07-24,30.2,82,0.7,5.9
2021-07-25,30.9,78,0.0,7.8
2021-07-26,29.0,85,4.9,8.3
2021-07-27,28.2,89,14.1,8.1
2021-07-28,27.1,90,18.7,8.2
2021-07-29,27.4,88,8.2,6.0
2021-07-30,27.3,89,11.0,7.4
2021-07-31,28.2,87,3.3,9.3
2021-08-01,29.1,83,0.9,6.2
2021-08-02,27.7,88,25.7,5.9
2021-08-03,28.6,85,8.2,11.0
2021-08-04,28.7,78,0.0,11.8
2021-08-05,29.1,79,0.3,5.7
2021-08-06,29.7,81,2.0,4.6
2021-08-07,28.8,87,8.5,3.9
2021-08-08,28.3,89,17.1,4.5
2021-08-09,28.2,87,3.2,5.3
2021-08-10,29.9,77,0.7,10.2
2021-08-11,30.5,64,0.0,15.9
2021-08-12,30.2,66,0.0,12.8
2021-08-13,30.6,65,0.0,12.5
2021-08-14,30.6,64,0.0,14.0
2021-08-15,30.4,64,0.0,10.3
2021-08-16,30.4,66,0.0,7.9
2021-08-17,31.2,66,0.0,7.5
2021-08-18,31.2,66,0.0,6.2
2021-08-19,30.8,74,0.5,7.0
2021-08-20,27.8,86,2.0,12.0
2021-08-21,26.7,91,30.3,11.7
2021-08-22,27.6,88,9.8,9.4
2021-08-23,28.5,87,5.9,5.8
2021-08-24,29.0,87,2.1,4.7
2021-08-25,30.4,68,0.0,15.2
2021-08-26,29.7,67,0.0,14.7
2021-08-27,29.6,67,0.0,10.2
2021-08-28,29.4,74,0.0,7.1
2021-08-29,28.6,85,1.3,7.8
2021-08-30,27.4,86,1.2,10.8
2021-08-31,27.0,87,5.3,11.3
2021-09-01,26.4,90,10.7,9.2
2021-09-02,27.8,87,1.2,6.0
2021-09-03,27.1,89,11.3,6.8
2021-09-04,27.3,88,14.7,4.6
2021-09-05,28.2,86,3.8,4.7
2021-09-06,29.0,84,4.1,4.9
2021-09-07,28.0,88,7.6,11.1
2021-09-08,28.0,80,2.3,17.3
2021-09-09,27.7,84,4.4,11.5
2021-09-10,26.8,88,16.6,14.4
2021-09-11,25.9,91,15.3,17.0
2021-09-12,26.5,91,6.4,8.5
2021-09-13,27.6,88,7.8,6.3
2021-09-14,27.9,84,0.3,9.8
2021-09-15,28.4,77,0.0,10.6
2021-09-16,27.9,77,4.1,13.3
2021-09-17,26.8,75,1.5,15.9
2021-09-18,27.4,80,0.1,12.6
2021-09-19,28.1,81,0.3,9.5
2021-09-20,28.3,81,0.7,7.7
2021-09-21,28.0,83,1.7,8.5
2021-09-22,26.4,90,17.3,10.2
2021-09-23,26.6,88,6.4,9.6
2021-09-24,27.0,85,2.1,8.6
2021-09-25,27.2,86,2.1,6.9
2021-09-26,26.8,85,1.5,9.3
2021-09-27,28.1,81,0.2,5.7
2021-09-28,28.1,82,1.7,10.3
2021-09-29,28.2,80,0.2,11.8
2021-09-30,28.2,82,0.7,6.5
2021-10-01,28.6,82,0.2,3.8
2021-10-02,28.9,77,0.2,7.6
2021-10-03,29.1,74,0.0,10.1
2021-10-04,28.9,70,0.1,7.2
2021-10-05,28.4,77,2.3,5.1
2021-10-06,28.4,75,0.1,5.9
2021-10-07,27.3,71,0.0,8.4
2021-10-08,27.9,66,0.0,8.7
2021-10-09,28.5,61,0.0,8.5
2021-10-10,28.3,63,0.0,7.1
2021-10-11,28.0,61,0.0,7.5
2021-10-12,27.9,58,0.0,7.5
2021-10-13,26.4,54,0.0,10.8
2021-10-14,25.2,54,0.0,11.1
2021-10-15,25.8,53,0.0,9.5
2021-10-16,27.0,62,0.0,6.5
2021-10-17,26.4,77,3.3,10.7
2021-10-18,22.4,93,27.4,10.4
2021-10-19,23.8,80,0.0,12.6
2021-10-20,24.4,70,0.0,10.5
2021-10-21,23.3,61,0.0,13.4
2021-10-22,23.9,61,0.0,13.4
2021-10-23,23.9,65,0.0,7.8
2021-10-24,22.8,70,0.2,8.9
2021-10-25,22.0,78,0.0,6.9
2021-10-26,20.9,71,0.0,9.8
2021-10-27,20.9,64,0.0,10.2
2021-10-28,20.6,64,0.0,10.1
2021-10-29,21.0,63,0.0,7.2
2021-10-30,21.4,56,0.0,11.6
2021-10-31,22.2,51,0.0,10.3
2021-11-01,22.1,54,0.0,8.1
2021-11-02,21.5,65,0.0,10.5
2021-11-03,21.7,62,0.0,7.5
2021-11-04,21.2,64,0.0,6.1
2021-11-05,20.6,63,0.0,8.1
2021-11-06,20.9,57,0.0,12.0
2021-11-07,21.2,60,0.0,10.9
2021-11-08,21.0,60,0.0,9.5
2021-11-09,20.9,60,0.0,9.7
2021-11-10,20.7,61,0.0,8.6
2021-11-11,20.4,61,0.0,7.6
2021-11-12,20.2,60,0.0,8.7
2021-11-13,19.4,58,0.0,8.3
2021-11-14,18.6,54,0.0,7.2
2021-11-15,18.5,53,0.0,8.2
2021-11-16,17.9,57,0.0,7.5
2021-11-17,17.7,65,0.0,6.4
2021-11-18,19.1,66,0.0,3.3
2021-11-19,18.7,64,0.0,6.4
2021-11-20,19.3,58,0.0,6.1
2021-11-21,19.0,58,0.0,10.2
2021-11-22,18.8,51,0.0,15.8
2021-11-23,18.3,55,0.0,12.4
2021-11-24,18.6,58,0.0,6.6
2021-11-25,17.9,70,0.0,6.7
2021-11-26,18.4,69,0.0,6.3
2021-11-27,18.8,72,0.0,7.9
2021-11-28,18.9,74,0.0,7.2
2021-11-29,18.1,64,0.0,9.8
2021-11-30,18.0,65,0.0,11.5
2021-12-01,17.1,73,0.0,6.3
2021-12-02,16.4,81,3.9,7.2
2021-12-03,17.2,80,0.0,6.4
2021-12-04,17.4,73,0.0,7.2
2021-12-05,19.0,70,0.5,5.8
2021-12-06,18.2,79,1.6,7.7
2021-12-07,16.7,71,0.0,11.0
2021-12-08,15.5,68,0.0,9.6
2021-12-09,15.1,70,0.0,6.6
2021-12-10,15.4,68,0.0,9.1
2021-12-11,14.6,65,0.0,10.0
2021-12-12,14.5,65,0.0,5.2
2021-12-13,14.6,66,0.0,4.1
2021-12-14,14.9,71,0.0,6.3
2021-12-15,14.0,67,0.0,8.4
2021-12-16,13.6,70,0.0,8.9
2021-12-17,12.3,57,0.0,14.2
2021-12-18,11.2,65,0.0,16.2
2021-12-19,11.1,63,0.0,14.0
2021-12-20,11.6,67,0.0,9.7
2021-12-21,12.1,71,0.0,7.3
2021-12-22,13.3,67,0.0,6.4
2021-12-23,14.2,72,0.0,7.4
2021-12-24,14.5,75,0.0,7.3
2021-12-25,15.5,72,0.0,5.0
2021-12-26,15.0,80,4.6,7.5
2021-12-27,14.9,72,3.2,6.9
2021-12-28,13.9,78,1.7,5.5
2021-12-29,13.0,72,0.0,7.3
2021-12-30,10.7,67,0.0,8.5
2021-12-31,10.5,71,0.0,8.0
2022-01-01,10.9,76,0.0,7.7
2022-01-02,11.9,77,0.0,7.3
2022-01-03,12.6,75,0.0,8.1
2022-01-04,14.5,71,0.2,6.6
2022-01-05,13.3,86,9.6,10.8
2022-01-06,14.6,83,0.9,12.0
2022-01-07,15.6,86,1.9,14.2
2022-01-08,15.4,90,16.2,15.3
2022-01-09,14.1,89,3.6,7.7
2022-01-10,11.5,82,0.0,8.6
2022-01-11,11.5,79,0.0,9.5
2022-01-12,11.3,80,0.0,8.3
2022-01-13,12.3,75,0.0,4.2
2022-01-14,10.7,81,0.0,5.7
2022-01-15,9.9,87,0.0,6.8
2022-01-16,10.2,86,0.0,6.1
2022-01-17,9.7,85,0.0,4.2
2022-01-18,9.6,88,0.0,8.3
2022-01-19,11.0,89,0.7,6.2
2022-01-20,13.1,85,0.9,5.5
2022-01-21,12.2,85,0.0,6.8
2022-01-22,13.2,85,22.8,19.7
2022-01-23,12.7,86,3.5,8.2
2022-01-24,10.7,83,0.6,8.3
2022-01-25,10.3,80,0.0,8.6
2022-01-26,10.7,81,0.0,10.1
2022-01-27,11.5,73,0.0,13.2
2022-01-28,11.6,71,0.0,13.8
2022-01-29,12.4,73,0.0,9.2
2022-01-30,13.7,72,0.0,14.7
2022-01-31,13.6,80,0.0,5.5
2022-02-01,13.9,85,0.0,8.8
2022-02-02,14.2,78,0.0,10.4
2022-02-03,12.7,85,16.6,19.4
2022-02-04,11.5,84,0.2,13.2
2022-02-05,10.9,83,0.0,6.6
2022-02-06,13.7,75,0.0,5.8
2022-02-07,15.2,78,0.0,7.8
2022-02-08,16.1,81,1.4,5.3
2022-02-09,14.4,83,3.6,8.5
2022-02-10,13.8,75,0.0,10.7
2022-02-11,14.2,65,0.0,15.6
2022-02-12,14.3,67,0.0,12.9
2022-02-13,14.7,70,0.0,6.9
2022-02-14,15.5,70,0.0,7.8
2022-02-15,16.5,65,0.0,6.6
2022-02-16,16.2,69,0.0,8.0
2022-02-17,17.3,64,0.0,8.3
2022-02-18,17.3,61,0.0,7.8
2022-02-19,16.6,61,0.0,11.9
2022-02-20,17.2,57,0.0,16.0
2022-02-21,17.5,54,0.0,9.1
2022-02-22,18.6,56,0.0,20.7
2022-02-23,18.6,68,0.0,14.2
2022-02-24,18.2,72,0.0,7.0
2022-02-25,18.6,68,0.0,8.1
2022-02-26,17.8,69,1.5,17.6
2022-02-27,17.1,64,0.0,10.5
2022-02-28,16.4,63,0.0,12.1
2022-03-01,17.1,65,0.0,8.5
2022-03-02,18.5,62,0.0,6.4
2022-03-03,19.5,63,1.6,6.3
2022-03-04,18.8,70,0.0,13.6
2022-03-05,18.9,65,0.0,15.0
2022-03-06,19.6,63,0.0,7.6
2022-03-07,20.9,60,0.0,7.1
2022-03-08,21.5,57,0.0,9.9
2022-03-09,22.1,51,0.0,11.0
2022-03-10,22.2,51,0.0,12.3
2022-03-11,22.0,57,0.0,12.8
2022-03-12,22.2,54,0.0,12.0
2022-03-13,23.5,59,0.0,11.1
2022-03-14,24.2,64,0.0,8.3
2022-03-15,26.1,64,0.0,9.9
2022-03-16,27.0,58,0.0,15.7
2022-03-17,26.5,64,0.0,7.8
2022-03-18,27.3,66,0.0,9.1
2022-03-19,27.8,60,0.0,7.1
2022-03-20,28.1,48,0.0,9.4
2022-03-21,27.8,45,0.0,10.1
2022-03-22,27.8,43,0.0,17.3
2022-03-23,27.5,38,0.0,9.9
2022-03-24,27.4,37,0.0,12.0
2022-03-25,26.8,31,0.0,12.5
2022-03-26,27.2,30,0.0,17.5
2022-03-27,28.0,28,0.0,14.4
2022-03-28,28.9,28,0.0,9.1
2022-03-29,29.1,27,0.0,11.7
2022-03-30,29.4,28,0.0,7.4
2022-03-31,29.5,38,0.0,8.3
2022-04-01,28.9,26,0.0,13.9
2022-04-02,28.9,24,0.0,8.6
2022-04-03,30.1,19,0.0,9.9
2022-04-04,29.1,18,0.0,12.8
2022-04-05,29.4,20,0.0,10.7
2022-04-06,30.2,19,0.0,12.2
2022-04-07,31.0,18,0.0,11.2
2022-04-08,32.1,16,0.0,11.1
2022-04-09,32.9,16,0.0,10.4
2022-04-10,33.3,16,0.0,15.1
2022-04-11,32.9,18,0.0,11.0
2022-04-12,32.3,20,0.0,10.0
2022-04-13,32.5,20,0.0,10.2
2022-04-14,31.8,18,0.0,13.4
2022-04-15,31.1,20,0.0,10.5
2022-04-16,31.7,19,0.0,8.5
2022-04-17,32.0,19,0.0,9.3
2022-04-18,32.7,21,0.0,8.1
2022-04-19,34.1,17,0.0,15.1
2022-04-20,33.9,17,0.0,15.8
2022-04-21,31.5,23,0.0,13.3
2022-04-22,30.9,28,0.0,10.2
2022-04-23,31.6,20,0.0,9.7
2022-04-24,32.1,19,0.0,15.9
2022-04-25,33.0,20,0.0,13.0
2022-04-26,33.0,20,0.0,12.1
2022-04-27,33.2,17,0.0,11.0
2022-04-28,34.9,16,0.0,10.8
2022-04-29,35.8,14,0.0,14.7
2022-04-30,35.7,14,0.0,12.1
2022-05-01,33.0,31,0.0,15.5
2022-05-02,32.6,37,0.0,15.2
2022-05-03,32.8,42,0.1,11.3
2022-05-04,31.0,47,0.2,11.0
2022-05-05,30.6,47,0.0,7.8
2022-05-06,32.3,33,0.0,7.1
2022-05-07,32.8,30,0.0,8.2
2022-05-08,33.0,34,0.0,12.0
2022-05-09,33.3,44,0.0,14.7
2022-05-10,33.4,45,0.0,11.8
2022-05-11,34.1,44,0.0,11.6
2022-05-12,35.1,41,0.0,12.8
2022-05-13,35.0,42,0.0,13.0
2022-05-14,35.9,26,0.0,9.9
2022-05-15,37.7,15,0.0,12.6
2022-05-16,36.4,22,0.0,16.1
2022-05-17,32.9,42,0.4,10.3
2022-05-18,34.8,32,0.0,8.6
2022-05-19,35.5,29,0.0,9.1
2022-05-20,36.8,22,0.0,12.1
2022-05-21,35.1,28,0.0,12.8
2022-05-22,33.4,33,0.0,9.1
2022-05-23,26.2,65,25.5,21.3
2022-05-24,26.9,64,0.0,11.4
2022-05-25,28.1,60,0.0,6.4
2022-05-26,29.6,54,0.0,7.0
2022-05-27,31.4,49,0.0,10.3
2022-05-28,32.9,49,1.2,8.2
2022-05-29,33.0,48,0.0,11.3
2022-05-30,32.8,47,0.2,10.6
2022-05-31,32.7,40,0.0,9.7
2022-06-01,33.6,34,0.0,10.8
2022-06-02,34.1,27,0.0,12.0
2022-06-03,34.9,22,0.0,10.9
2022-06-04,35.5,20,0.0,8.6
2022-06-05,35.8,19,0.0,13.3
2022-06-06,35.4,18,0.0,11.9
2022-06-07,36.4,21,0.0,15.2
2022-06-08,36.8,19,0.0,19.5
2022-06-09,36.7,22,0.0,14.7
2022-06-10,36.9,22,0.0,18.4
2022-06-11,37.2,20,0.0,19.3
2022-06-12,36.6,23,0.0,15.1
2022-06-13,37.3,26,0.0,19.3
2022-06-14,34.7,39,0.0,22.9
2022-06-15,35.7,40,0.0,20.1
2022-06-16,34.2,44,0.7,12.1
2022-06-17,29.9,64,11.6,9.6
2022-06-18,29.7,65,0.9,8.4
2022-06-19,26.6,82,9.9,9.7
2022-06-20,27.5,73,0.1,5.8
2022-06-21,27.9,72,9.3,6.1
2022-06-22,29.5,65,13.0,7.6
2022-06-23,31.1,52,0.0,13.1
2022-06-24,30.9,45,0.0,11.8
2022-06-25,32.5,40,0.0,6.3
2022-06-26,33.6,51,0.0,13.8
2022-06-27,34.3,54,0.0,12.3
2022-06-28,34.2,56,0.9,11.2
2022-06-29,33.9,58,0.0,14.1
2022-06-30,28.6,79,1.4,9.0
2022-07-01,28.1,81,1.0,5.4
2022-07-02,29.9,74,2.3,9.0
2022-07-03,29.2,81,4.5,9.3
2022-07-04,30.7,75,15.5,4.5
2022-07-05,32.0,70,0.2,10.3
2022-07-06,30.8,75,4.0,13.2
2022-07-07,31.5,70,0.5,12.4
2022-07-08,32.6,63,0.1,11.2
2022-07-09,31.0,69,1.2,12.4
2022-07-10,29.5,77,7.5,7.3
2022-07-11,31.2,71,0.1,5.0
2022-07-12,31.2,71,2.7,7.1
2022-07-13,30.9,74,0.2,8.4
2022-07-14,29.9,77,10.6,11.3
2022-07-15,31.4,68,2.6,15.6
2022-07-16,29.6,75,20.5,9.3
2022-07-17,29.6,80,10.3,9.2
2022-07-18,30.9,76,3.2,6.0
2022-07-19,31.0,75,1.7,7.2
2022-07-20,28.9,83,26.9,9.9
2022-07-21,27.8,84,16.5,4.6
2022-07-22,27.8,86,5.0,6.9
2022-07-23,27.7,85,15.4,13.5
2022-07-24,28.9,81,7.8,15.1
2022-07-25,28.7,79,9.9,15.7
2022-07-26,28.2,79,2.8,14.4
2022-07-27,28.3,81,4.9,12.8
2022-07-28,27.6,86,21.8,5.7
2022-07-29,27.3,87,16.9,6.9
2022-07-30,27.7,86,4.9,5.6
2022-07-31,28.4,81,1.0,6.8
2022-08-01,27.8,84,10.0,6.6
2022-08-02,29.3,78,0.3,9.4
2022-08-03,29.1,80,0.6,7.5
2022-08-04,28.1,85,1.7,8.1
2022-08-05,27.6,86,5.7,8.3
2022-08-06,28.7,83,1.9,3.9
2022-08-07,27.7,85,18.6,7.7
2022-08-08,29.0,80,0.2,5.9
2022-08-09,30.3,77,0.4,9.7
2022-08-10,30.9,72,0.4,10.6
2022-08-11,27.8,82,3.8,17.3
2022-08-12,29.3,72,0.2,15.8
2022-08-13,29.4,75,0.8,13.4
2022-08-14,27.9,85,5.5,7.3
2022-08-15,27.9,82,1.6,11.2
2022-08-16,27.4,79,8.4,22.3
2022-08-17,28.3,75,0.3,16.4
2022-08-18,29.2,73,0.8,9.1
2022-08-19,29.9,71,0.5,12.8
2022-08-20,27.8,81,6.8,6.6
2022-08-21,29.4,76,0.3,6.7
2022-08-22,29.2,77,6.5,9.9
2022-08-23,29.3,71,1.2,22.5
2022-08-24,28.3,76,0.7,13.0
2022-08-25,29.1,73,0.5,5.0
2022-08-26,30.2,65,0.5,10.9
2022-08-27,30.6,61,1.2,16.4
2022-08-28,31.0,55,0.1,15.4
2022-08-29,30.1,61,0.6,8.2
2022-08-30,30.5,68,0.0,5.8
2022-08-31,31.4,61,0.2,9.3
2022-09-01,31.8,60,0.5,8.8
2022-09-02,31.9,58,0.0,6.8
2022-09-03,32.0,52,0.0,12.6
2022-09-04,32.1,51,0.0,15.3
2022-09-05,31.4,53,0.0,9.4
2022-09-06,31.7,52,0.0,7.1
2022-09-07,32.0,53,0.0,7.4
2022-09-08,31.8,53,0.0,6.5
2022-09-09,31.5,63,0.2,8.0
2022-09-10,30.2,69,3.1,9.4
2022-09-11,29.7,68,3.7,10.1
2022-09-12,30.2,64,1.0,10.6
2022-09-13,29.5,67,1.6,17.4
2022-09-14,27.5,77,6.1,19.3
2022-09-15,26.1,86,9.2,14.5
2022-09-16,26.2,84,13.4,9.9
2022-09-17,27.4,78,0.8,9.6
2022-09-18,28.0,79,0.4,6.9
2022-09-19,28.5,75,0.0,6.7
2022-09-20,27.2,84,2.4,5.3
2022-09-21,27.4,84,1.7,5.5
2022-09-22,25.0,92,33.9,10.7
2022-09-23,24.7,94,48.2,12.3
2022-09-24,24.6,94,41.5,15.9
2022-09-25,26.3,84,0.9,10.0
2022-09-26,26.7,83,0.1,7.6
2022-09-27,26.6,79,0.0,8.0
2022-09-28,27.2,76,0.2,6.9
2022-09-29,27.1,76,0.0,8.3
2022-09-30,27.3,76,0.0,7.9
2022-10-01,28.0,72,0.0,7.7
2022-10-02,28.0,66,0.0,8.6
2022-10-03,27.7,61,0.0,14.6
2022-10-04,27.7,67,0.0,9.8
2022-10-05,27.1,77,0.1,7.3
2022-10-06,26.4,75,0.0,10.2
2022-10-07,24.5,82,1.1,12.0
2022-10-08,22.5,95,37.2,13.8
2022-10-09,22.6,93,47.1,11.9
2022-10-10,23.4,88,1.6,8.8
2022-10-11,23.4,87,2.7,6.0
2022-10-12,23.8,83,0.0,6.7
2022-10-13,23.8,72,0.0,9.0
2022-10-14,23.7,68,0.0,9.2
2022-10-15,23.9,69,0.0,7.8
2022-10-16,24.1,69,0.0,6.1
2022-10-17,24.2,63,0.0,7.9
2022-10-18,24.3,60,0.0,7.4
2022-10-19,23.7,66,0.0,7.4
2022-10-20,23.5,64,1.1,6.3
2022-10-21,24.0,65,0.0,5.6
2022-10-22,22.8,67,0.0,8.6
2022-10-23,22.0,63,0.0,6.9
2022-10-24,22.2,61,0.0,9.8
2022-10-25,22.1,56,0.0,11.7
2022-10-26,23.1,62,0.0,6.4
2022-10-27,24.0,61,0.0,5.2
2022-10-28,23.2,65,0.0,5.7
2022-10-29,23.4,63,0.0,4.8
2022-10-30,23.0,63,0.0,7.3
2022-10-31,23.2,63,0.0,5.5
2022-11-01,23.4,68,0.0,7.2
2022-11-02,23.1,70,0.0,9.0
2022-11-03,23.4,66,0.0,10.2
2022-11-04,24.8,65,0.0,4.7
2022-11-05,23.9,77,0.0,9.4
2022-11-06,23.4,78,0.0,7.5
2022-11-07,23.4,72,0.6,6.2
2022-11-08,21.8,75,6.9,6.5
2022-11-09,22.1,70,0.1,3.9
2022-11-10,21.1,74,0.0,7.4
2022-11-11,20.1,64,0.0,11.6
2022-11-12,20.0,59,0.0,13.3
2022-11-13,19.9,63,0.0,10.7
2022-11-14,20.9,62,0.0,8.1
2022-11-15,20.3,66,0.0,6.8
2022-11-16,19.4,60,0.0,10.4
2022-11-17,18.1,61,0.0,12.5
2022-11-18,17.3,57,0.0,9.6
2022-11-19,17.7,59,0.0,7.4
2022-11-20,17.5,62,0.0,9.2
2022-11-21,18.0,58,0.0,11.8
2022-11-22,17.9,55,0.0,10.8
2022-11-23,17.6,50,0.0,12.1
2022-11-24,17.2,54,0.0,11.2
2022-11-25,17.3,57,0.0,7.6
2022-11-26,17.2,57,0.0,10.5
2022-11-27,16.9,65,0.0,7.6
2022-11-28,17.4,63,0.0,5.2
2022-11-29,16.8,68,0.0,7.1
2022-11-30,16.8,71,0.0,7.2
2022-12-01,16.5,74,0.0,8.1
2022-12-02,16.7,74,0.0,5.5
2022-12-03,17.1,73,0.0,4.9
2022-12-04,16.5,74,0.0,8.3
2022-12-05,15.5,74,0.0,6.8
2022-12-06,16.0,69,0.0,13.3
2022-12-07,16.3,68,0.0,15.5
2022-12-08,16.0,73,0.0,11.3
2022-12-09,16.3,76,0.0,8.0
2022-12-10,16.9,71,0.0,8.7
2022-12-11,17.3,69,0.0,9.8
2022-12-12,16.9,62,0.0,11.2
2022-12-13,16.8,53,0.0,15.2
2022-12-14,15.7,55,0.0,14.7
2022-12-15,14.6,57,0.0,12.7
2022-12-16,14.0,66,0.0,10.2
2022-12-17,14.1,69,0.0,8.0
2022-12-18,14.3,76,0.0,7.0
2022-12-19,14.1,79,0.0,7.9
2022-12-20,13.6,77,0.0,7.9
2022-12-21,13.0,79,0.0,8.2
2022-12-22,12.9,79,0.0,8.1
2022-12-23,12.2,82,0.0,7.2
2022-12-24,12.4,75,0.0,10.9
2022-12-25,10.9,81,0.0,11.3
2022-12-26,11.1,83,0.0,8.6
2022-12-27,11.9,79,0.0,13.6
2022-12-28,13.1,72,0.0,15.9
2022-12-29,14.1,74,0.0,8.4
2022-12-30,14.9,75,0.0,8.5
2022-12-31,13.1,82,0.0,12.6
2023-01-01,12.5,79,0.0,6.0
2023-01-02,12.2,78,0.0,5.0
2023-01-03,10.6,85,0.0,6.6
2023-01-04,9.7,87,0.0,8.5
2023-01-05,8.9,89,0.0,8.1
2023-01-06,8.3,87,0.0,6.7
2023-01-07,8.2,87,0.0,9.1
2023-01-08,10.1,88,0.0,9.7
2023-01-09,11.1,88,0.0,5.4
2023-01-10,11.5,89,0.0,8.9
2023-01-11,12.1,86,0.0,7.4
2023-01-12,14.5,81,0.1,12.8
2023-01-13,13.9,87,18.2,9.6
2023-01-14,12.1,76,0.0,13.4
2023-01-15,9.4,66,0.0,12.6
2023-01-16,9.0,64,0.0,9.4
2023-01-17,9.0,64,0.0,10.2
2023-01-18,9.2,65,0.0,8.6
2023-01-19,12.2,64,0.3,7.2
2023-01-20,14.0,70,0.0,10.5
2023-01-21,13.2,79,0.0,5.5
2023-01-22,14.1,71,0.0,8.5
2023-01-23,15.5,64,0.0,6.5
2023-01-24,16.9,82,11.3,12.0
2023-01-25,16.4,83,1.0,6.1
2023-01-26,14.3,77,0.0,12.7
2023-01-27,12.1,68,0.0,14.6
2023-01-28,12.5,69,0.0,11.5
2023-01-29,12.8,84,4.2,9.3
2023-01-30,13.2,87,10.2,8.5
2023-01-31,14.1,84,0.0,14.4
2023-02-01,13.7,75,0.0,16.3
2023-02-02,14.7,65,0.0,15.8
2023-02-03,15.0,69,0.0,11.9
2023-02-04,15.9,66,0.0,13.5
2023-02-05,17.0,63,0.0,9.7
2023-02-06,17.6,70,0.0,7.8
2023-02-07,17.1,70,0.0,12.7
2023-02-08,15.7,55,0.0,11.2
2023-02-09,17.3,63,0.0,9.9
2023-02-10,18.6,72,0.0,9.7
2023-02-11,18.9,63,0.0,8.9
2023-02-12,15.8,47,0.0,15.1
2023-02-13,15.0,35,0.0,22.1
2023-02-14,16.8,44,0.0,14.5
2023-02-15,18.3,55,0.0,15.0
2023-02-16,18.3,71,0.0,7.8
2023-02-17,19.6,77,0.0,5.9
2023-02-18,19.0,78,0.0,7.3
2023-02-19,21.0,70,0.0,5.6
2023-02-20,22.3,65,0.0,7.2
2023-02-21,21.9,58,0.0,9.3
2023-02-22,20.5,63,0.0,8.1
2023-02-23,20.0,53,0.0,12.2
2023-02-24,19.8,51,0.0,10.6
2023-02-25,21.0,54,0.0,7.4
2023-02-26,22.3,51,0.0,7.3
2023-02-27,22.2,53,0.0,8.8
2023-02-28,21.6,49,0.0,8.0
2023-03-01,21.8,50,0.0,10.1
2023-03-02,22.1,55,0.0,9.8
2023-03-03,22.6,56,0.0,11.4
2023-03-04,22.4,54,0.0,11.5
2023-03-05,22.4,53,0.0,12.5
2023-03-06,21.7,50,0.0,11.4
2023-03-07,21.8,48,0.0,8.7
2023-03-08,21.3,54,0.2,8.3
2023-03-09,21.0,62,0.5,8.9
2023-03-10,22.3,58,0.0,9.3
2023-03-11,23.2,51,0.0,8.1
2023-03-12,24.3,49,0.0,7.7
2023-03-13,24.3,49,0.0,8.4
2023-03-14,24.2,49,0.0,10.0
2023-03-15,24.8,43,0.0,7.1
2023-03-16,24.5,42,0.1,10.4
2023-03-17,22.9,55,1.7,6.5
2023-03-18,20.4,75,0.3,8.0
2023-03-19,19.8,83,0.7,6.6
2023-03-20,18.7,87,24.3,7.2
2023-03-21,18.3,84,3.2,7.1
2023-03-22,19.5,75,0.0,5.9
2023-03-23,21.5,65,0.0,9.1
2023-03-24,21.6,69,15.8,9.0
2023-03-25,21.2,78,1.1,9.6
2023-03-26,21.8,62,0.0,9.7
2023-03-27,20.8,62,0.0,10.6
2023-03-28,21.8,61,0.0,9.6
2023-03-29,23.3,55,0.2,8.1
2023-03-30,21.8,70,5.7,9.6
2023-03-31,19.6,83,9.4,5.8
2023-04-01,20.1,79,0.9,5.4
2023-04-02,22.2,69,0.0,8.5
2023-04-03,23.3,61,0.0,8.2
2023-04-04,22.2,61,0.2,9.8
2023-04-05,22.9,50,0.0,10.2
2023-04-06,23.9,41,0.0,12.0
2023-04-07,24.3,37,0.0,11.9
2023-04-08,24.4,34,0.0,10.9
2023-04-09,26.2,30,0.0,9.5
2023-04-10,26.4,29,0.0,8.7
2023-04-11,27.7,28,0.0,13.4
2023-04-12,29.4,27,0.0,15.9
2023-04-13,29.5,28,0.0,12.1
2023-04-14,29.5,27,0.0,10.0
2023-04-15,30.9,23,0.0,8.2
2023-04-16,31.3,25,0.0,10.2
2023-04-17,32.5,25,0.0,9.4
2023-04-18,32.6,23,0.0,12.9
2023-04-19,29.8,35,0.0,11.0
2023-04-20,28.1,44,0.0,8.3
2023-04-21,28.8,34,0.0,10.2
2023-04-22,28.6,26,0.0,9.7
2023-04-23,26.9,27,0.0,11.8
2023-04-24,26.1,35,0.0,10.3
2023-04-25,27.1,37,0.0,10.7
2023-04-26,28.9,32,0.0,8.2
2023-04-27,29.1,30,0.0,9.6
2023-04-28,27.9,36,0.0,6.4
2023-04-29,26.5,49,0.6,7.8
2023-04-30,24.6,61,1.4,7.4
2023-05-01,22.1,80,5.4,8.2
2023-05-02,22.5,81,5.4,10.6
2023-05-03,22.4,81,6.8,7.0
2023-05-04,24.2,73,0.0,4.8
2023-05-05,25.9,59,5.4,8.0
2023-05-06,27.4,48,0.0,8.6
2023-05-07,28.9,39,0.0,10.3
2023-05-08,29.2,40,0.0,12.7
2023-05-09,29.5,34,0.0,11.8
2023-05-10,29.7,22,0.0,13.9
2023-05-11,31.0,22,0.0,8.4
2023-05-12,33.3,22,0.0,10.1
2023-05-13,33.3,25,0.0,10.2
2023-05-14,32.5,28,0.0,11.6
2023-05-15,33.4,25,0.0,8.7
2023-05-16,32.4,28,0.0,13.9
2023-05-17,33.2,26,0.0,13.7
2023-05-18,31.0,38,0.0,12.3
2023-05-19,31.6,35,0.0,14.3
2023-05-20,32.8,28,0.0,12.6
2023-05-21,34.8,22,0.0,10.3
2023-05-22,36.1,20,0.0,18.3
2023-05-23,35.3,28,1.0,18.7
2023-05-24,30.8,47,0.2,10.2
2023-05-25,28.2,58,0.2,7.9
2023-05-26,28.5,55,0.0,5.1
2023-05-27,27.1,64,19.2,13.0
2023-05-28,27.4,66,0.3,7.2
2023-05-29,27.1,70,1.2,7.7
2023-05-30,27.3,65,0.1,8.0
2023-05-31,24.9,74,2.9,10.3
2023-06-01,26.4,65,0.4,7.6
2023-06-02,27.5,57,1.3,9.6
2023-06-03,29.2,52,0.0,7.8
2023-06-04,29.3,58,1.6,10.1
2023-06-05,30.4,52,0.1,13.1
2023-06-06,31.4,43,0.0,8.9
2023-06-07,32.1,37,0.0,11.1
2023-06-08,32.7,35,0.0,11.1
2023-06-09,34.2,34,0.0,14.8
2023-06-10,34.4,38,0.0,13.5
2023-06-11,33.8,45,0.0,15.1
2023-06-12,34.9,44,0.0,16.3
2023-06-13,36.2,35,0.0,21.0
2023-06-14,35.6,36,0.0,21.2
2023-06-15,33.2,47,0.4,17.4
2023-06-16,32.2,51,1.2,13.9
2023-06-17,32.9,54,0.3,10.6
2023-06-18,32.1,60,4.0,9.0
2023-06-19,29.6,71,6.6,9.0
2023-06-20,30.6,67,16.6,9.2
2023-06-21,29.3,77,20.3,7.2
2023-06-22,31.4,72,2.7,7.8
2023-06-23,30.8,76,6.1,8.4
2023-06-24,30.9,75,10.7,7.4
2023-06-25,28.0,86,13.6,6.3
2023-06-26,28.0,84,5.8,4.9
2023-06-27,28.7,82,8.1,7.0
2023-06-28,29.1,81,12.2,8.4
2023-06-29,28.5,83,11.7,9.6
2023-06-30,28.8,81,12.7,8.4
2023-07-01,29.1,78,1.9,10.1
2023-07-02,30.5,73,0.9,7.1
2023-07-03,31.1,72,4.5,8.6
2023-07-04,30.7,74,2.5,9.6
2023-07-05,29.1,81,13.0,10.8
2023-07-06,29.0,77,4.8,10.2
2023-07-07,28.5,83,10.0,8.2
2023-07-08,27.2,91,34.4,11.2
2023-07-09,27.0,91,29.7,11.4
2023-07-10,27.6,90,34.1,6.4
2023-07-11,28.5,84,2.9,6.6
2023-07-12,28.5,86,9.6,8.2
2023-07-13,29.1,82,5.2,8.9
2023-07-14,28.5,83,21.1,6.1
2023-07-15,28.6,86,17.7,6.0
2023-07-16,28.6,85,21.9,5.5
2023-07-17,29.0,85,11.8,4.7
2023-07-18,28.2,86,13.4,9.6
2023-07-19,28.9,86,9.3,9.0
2023-07-20,29.8,81,23.7,6.0
2023-07-21,30.9,76,4.2,8.8
2023-07-22,30.7,76,6.0,13.5
2023-07-23,30.9,73,0.6,14.6
2023-07-24,29.9,80,7.8,11.3
2023-07-25,29.3,82,11.8,9.1
2023-07-26,27.0,91,18.3,7.8
2023-07-27,28.5,88,11.0,5.0
2023-07-28,28.2,87,27.0,5.7
2023-07-29,27.8,84,11.2,7.0
2023-07-30,29.0,80,2.3,9.5
2023-07-31,29.6,78,0.8,12.0
2023-08-01,30.3,75,0.2,14.7
2023-08-02,30.2,78,1.4,12.3
2023-08-03,29.4,82,9.6,12.4
2023-08-04,28.4,88,11.5,4.9
2023-08-05,29.4,83,4.8,6.7
2023-08-06,30.0,74,1.9,13.0
2023-08-07,30.0,68,0.1,16.2
2023-08-08,30.3,67,0.0,17.8
2023-08-09,30.7,65,0.0,14.3
2023-08-10,29.9,70,1.7,11.8
2023-08-11,30.6,67,1.6,10.8
2023-08-12,31.3,56,0.0,16.1
2023-08-13,31.0,61,0.7,14.7
2023-08-14,29.7,67,0.0,9.6
2023-08-15,29.8,74,0.1,5.6
2023-08-16,30.9,67,0.1,9.4
2023-08-17,31.9,58,0.0,12.8
2023-08-18,31.7,60,0.1,10.0
2023-08-19,30.3,75,7.4,7.9
2023-08-20,31.8,69,0.1,10.4
2023-08-21,32.0,70,0.8,7.1
2023-08-22,30.4,79,12.6,8.3
2023-08-23,27.7,90,15.5,7.9
2023-08-24,29.0,73,0.0,11.4
2023-08-25,30.0,63,0.0,13.4
2023-08-26,30.4,60,0.0,13.3
2023-08-27,30.4,56,0.1,16.7
2023-08-28,29.4,63,2.2,14.3
2023-08-29,30.4,59,0.0,11.9
2023-08-30,30.9,57,0.0,11.4
2023-08-31,31.1,59,0.0,8.8
2023-09-01,31.9,54,0.0,10.7
2023-09-02,31.8,51,0.0,13.8
2023-09-03,31.3,53,0.0,13.3
2023-09-04,31.3,52,0.0,12.0
2023-09-05,30.7,67,6.1,8.0
2023-09-06,30.9,64,1.7,6.6
2023-09-07,31.9,60,0.0,5.7
2023-09-08,30.3,68,1.3,9.6
2023-09-09,27.8,80,2.5,13.8
2023-09-10,26.1,89,35.3,12.6
2023-09-11,27.5,81,1.0,10.0
2023-09-12,28.7,79,0.0,5.4
2023-09-13,29.7,79,7.4,5.8
2023-09-14,29.2,82,5.5,9.0
2023-09-15,28.1,87,5.7,7.4
2023-09-16,28.3,84,7.8,13.7
2023-09-17,27.1,87,6.5,16.6
2023-09-18,27.9,79,2.1,14.8
2023-09-19,28.6,77,0.2,8.7
2023-09-20,29.4,76,0.9,5.1
2023-09-21,28.9,81,2.6,6.8
2023-09-22,29.4,78,0.3,6.6
2023-09-23,28.6,82,1.4,6.3
2023-09-24,27.9,80,0.9,7.6
2023-09-25,28.6,76,0.2,5.6
2023-09-26,28.8,73,0.2,6.1
2023-09-27,27.8,65,0.0,8.7
2023-09-28,26.6,62,0.0,8.4
2023-09-29,26.8,61,0.0,7.1
2023-09-30,27.9,57,0.0,10.7
2023-10-01,27.4,54,0.0,10.6
2023-10-02,26.7,43,0.0,11.7
2023-10-03,26.4,40,0.0,12.4
2023-10-04,26.3,53,0.0,12.3
2023-10-05,26.4,52,0.0,11.2
2023-10-06,27.3,51,0.0,8.6
2023-10-07,28.3,60,0.0,8.8
2023-10-08,29.7,58,0.0,9.2
2023-10-09,29.3,54,0.0,9.8
2023-10-10,28.4,55,2.5,9.8
2023-10-11,26.5,57,0.0,10.5
2023-10-12,25.8,54,0.0,9.0
2023-10-13,27.5,55,0.0,7.8
2023-10-14,28.2,52,0.0,8.0
2023-10-15,27.3,55,0.1,7.0
2023-10-16,24.3,65,9.9,11.8
2023-10-17,22.3,72,3.3,7.0
2023-10-18,22.6,65,0.0,10.6
2023-10-19,21.9,63,0.0,9.2
2023-10-20,22.4,65,0.0,7.4
2023-10-21,22.8,63,0.0,7.0
2023-10-22,23.3,61,0.0,6.4
2023-10-23,23.2,64,0.0,8.5
2023-10-24,23.4,60,0.0,7.9
2023-10-25,23.2,59,0.0,8.8
2023-10-26,22.9,58,0.0,9.0
2023-10-27,22.9,51,0.0,8.3
2023-10-28,24.4,48,0.0,5.1
2023-10-29,24.0,56,0.0,5.7
2023-10-30,23.9,67,0.0,7.1
2023-10-31,24.1,69,0.0,6.5
2023-11-01,24.0,66,0.0,6.8
2023-11-02,24.1,66,0.0,7.4
2023-11-03,22.5,70,1.1,8.1
2023-11-04,22.5,66,0.0,7.8
2023-11-05,22.7,62,0.0,7.4
2023-11-06,22.2,60,0.0,6.0
2023-11-07,22.5,64,0.0,7.5
2023-11-08,22.7,65,0.0,6.9
2023-11-09,22.7,65,0.0,7.3
2023-11-10,20.5,76,2.9,9.2
2023-11-11,19.2,76,0.0,8.2
2023-11-12,18.8,74,0.0,8.1
2023-11-13,19.0,73,0.0,6.4
2023-11-14,18.9,71,0.0,7.7
2023-11-15,18.5,72,0.0,7.7
2023-11-16,19.7,69,0.0,5.8
2023-11-17,20.4,71,0.0,6.0
2023-11-18,19.9,70,0.0,5.7
2023-11-19,20.1,66,0.0,5.5
2023-11-20,19.6,65,0.0,6.7
2023-11-21,18.8,70,0.0,10.3
2023-11-22,18.1,65,0.0,11.2
2023-11-23,18.0,68,0.0,4.9
2023-11-24,18.5,69,0.0,6.0
2023-11-25,18.5,68,0.0,6.0
2023-11-26,19.2,68,0.0,7.8
2023-11-27,18.5,75,4.0,10.3
2023-11-28,17.4,88,3.2,5.9
2023-11-29,18.5,80,0.4,6.3
2023-11-30,17.8,84,1.0,7.6
2023-12-01,18.4,81,0.1,6.3
2023-12-02,18.0,79,0.0,7.1
2023-12-03,18.0,74,0.1,6.8
2023-12-04,17.8,73,0.0,7.9
2023-12-05,16.5,73,0.0,8.4
2023-12-06,16.4,76,0.0,7.0
2023-12-07,16.7,77,0.0,8.0
2023-12-08,16.5,74,0.0,8.6
2023-12-09,15.9,70,0.0,9.7
2023-12-10,15.5,68,0.0,11.7
2023-12-11,15.2,69,0.0,6.2
2023-12-12,15.6,70,0.0,6.3
2023-12-13,15.9,67,0.0,6.9
2023-12-14,14.7,71,0.0,10.3
2023-12-15,14.2,71,0.0,6.9
2023-12-16,14.5,67,0.0,7.9
2023-12-17,15.4,64,0.0,8.3
2023-12-18,14.3,67,0.0,12.7
2023-12-19,14.2,64,0.0,13.3
2023-12-20,13.6,70,0.0,8.8
2023-12-21,13.9,74,0.0,8.5
2023-12-22,13.9,76,0.0,5.6
2023-12-23,16.1,72,0.3,6.3
2023-12-24,15.8,76,0.0,5.8
2023-12-25,15.5,78,0.0,8.4
2023-12-26,15.4,75,0.0,6.4
2023-12-27,14.3,80,0.0,7.3
2023-12-28,14.0,85,0.0,7.0
2023-12-29,13.3,87,0.0,2.9
2023-12-30,12.5,90,0.0,5.0
2023-12-31,12.7,84,0.0,4.5
2024-01-01,10.4,85,0.0,5.5
2024-01-02,9.1,86,0.0,5.6
2024-01-03,9.5,89,0.0,5.5
2024-01-04,11.5,82,0.0,6.1
2024-01-05,11.7,85,0.1,5.6
2024-01-06,11.6,82,0.0,5.8
2024-01-07,11.4,81,0.0,5.0
2024-01-08,10.9,86,0.0,6.1
2024-01-09,10.8,86,0.0,8.9
2024-01-10,9.2,84,0.0,12.9
2024-01-11,9.3,88,0.0,10.0
2024-01-12,10.1,86,0.0,9.6
2024-01-13,10.3,84,0.0,4.6
2024-01-14,9.7,86,0.0,6.8
2024-01-15,9.0,85,0.0,7.6
2024-01-16,8.9,86,0.0,5.5
2024-01-17,9.9,84,0.0,8.1
2024-01-18,11.0,86,0.0,3.3
2024-01-19,10.2,89,0.0,5.2
2024-01-20,9.6,88,0.0,6.2
2024-01-21,9.0,89,0.0,9.9
2024-01-22,9.2,86,0.0,4.5
2024-01-23,10.4,88,0.0,5.9
2024-01-24,11.3,84,0.0,6.6
2024-01-25,10.2,88,0.0,5.7
2024-01-26,11.4,84,0.0,5.8
2024-01-27,12.5,77,0.0,11.8
2024-01-28,13.8,79,0.0,8.1
2024-01-29,14.5,85,0.0,8.3
2024-01-30,13.8,89,0.0,6.5
2024-01-31,14.0,92,9.0,8.2
2024-02-01,15.4,86,30.0,13.2
2024-02-02,13.0,84,0.0,9.8
2024-02-03,14.1,70,0.0,7.9
2024-02-04,16.0,85,7.1,8.0
2024-02-05,15.1,83,2.1,8.8
2024-02-06,12.2,75,0.0,9.8
2024-02-07,12.5,66,0.0,13.9
2024-02-08,13.1,64,0.0,19.8
2024-02-09,13.4,66,0.0,10.7
2024-02-10,13.1,78,0.0,7.3
2024-02-11,14.1,75,0.0,7.7
2024-02-12,14.3,75,0.0,6.7
2024-02-13,14.9,73,0.0,6.3
2024-02-14,15.8,74,0.0,8.8
2024-02-15,15.8,69,0.0,9.5
2024-02-16,15.7,64,0.0,8.8
2024-02-17,16.2,61,0.0,11.4
2024-02-18,18.6,59,0.0,9.8
2024-02-19,20.3,61,0.0,20.4
2024-02-20,20.2,66,0.2,10.1
2024-02-21,18.5,58,0.0,10.0
2024-02-22,17.4,51,0.0,10.8
2024-02-23,15.6,48,0.0,10.0
2024-02-24,16.2,45,0.0,7.1
2024-02-25,17.3,39,0.0,8.5
2024-02-26,17.6,46,0.0,7.5
2024-02-27,18.0,46,0.9,10.3
2024-02-28,17.3,57,0.0,13.2
2024-02-29,18.4,56,0.0,11.2
2024-03-01,20.0,60,1.7,7.4
2024-03-02,19.8,74,6.5,21.2
2024-03-03,17.6,70,10.4,9.4
2024-03-04,15.8,62,0.0,10.2
2024-03-05,14.7,54,0.0,11.6
2024-03-06,15.1,56,0.0,10.3
2024-03-07,17.1,56,0.0,10.0
2024-03-08,17.9,53,0.0,11.7
2024-03-09,17.9,50,0.0,11.8
2024-03-10,19.2,51,0.0,9.0
2024-03-11,22.3,47,0.0,7.8
2024-03-12,21.9,47,0.0,11.8
2024-03-13,21.4,52,0.2,8.4
2024-03-14,21.6,53,0.0,10.3
2024-03-15,20.3,43,0.0,12.5
2024-03-16,19.7,45,0.0,8.6
2024-03-17,20.5,46,0.0,9.1
2024-03-18,20.6,48,0.0,8.7
2024-03-19,21.5,45,0.0,8.7
2024-03-20,23.2,44,0.0,8.0
2024-03-21,22.7,55,0.0,12.7
2024-03-22,24.8,51,0.0,9.4
2024-03-23,25.7,46,0.0,11.1
2024-03-24,24.4,45,0.1,13.2
2024-03-25,25.0,47,0.0,11.9
2024-03-26,26.0,42,0.0,9.9
2024-03-27,28.4,41,0.0,8.7
2024-03-28,29.0,41,0.0,8.9
2024-03-29,28.2,46,0.0,8.6
2024-03-30,28.4,39,0.0,12.4
2024-03-31,27.4,36,0.0,12.1
2024-04-01,24.9,38,0.0,13.8
2024-04-02,25.3,33,0.0,12.7
2024-04-03,28.3,24,0.0,7.7
2024-04-04,29.2,26,0.0,10.9
2024-04-05,28.2,24,0.0,15.0
2024-04-06,27.3,21,0.0,12.1
2024-04-07,26.9,21,0.0,11.7
2024-04-08,28.0,20,0.0,10.0
2024-04-09,29.0,18,0.0,8.2
2024-04-10,28.9,21,0.0,8.0
2024-04-11,30.0,21,0.0,7.8
2024-04-12,30.5,21,0.0,8.0
2024-04-13,30.8,27,1.2,11.7
2024-04-14,27.5,45,0.5,10.0
2024-04-15,28.8,48,1.3,8.5
2024-04-16,29.8,36,0.0,15.3
2024-04-17,29.3,27,0.0,19.4
2024-04-18,30.9,24,0.0,11.2
2024-04-19,31.7,29,0.0,11.8
2024-04-20,30.0,28,0.0,14.8
2024-04-21,30.1,27,0.0,12.1
2024-04-22,31.1,25,0.0,13.3
2024-04-23,30.0,26,0.0,9.8
2024-04-24,29.8,28,0.0,11.8
2024-04-25,30.0,24,0.0,11.6
2024-04-26,32.2,23,0.0,10.6
2024-04-27,32.0,27,0.0,15.5
2024-04-28,30.6,28,0.0,9.8
2024-04-29,30.8,26,0.0,11.7
2024-04-30,29.7,25,0.0,12.8
2024-05-01,26.9,22,0.0,16.5
2024-05-02,27.6,26,0.0,13.3
2024-05-03,30.2,22,0.0,13.6
2024-05-04,33.0,19,0.0,11.3
2024-05-05,33.3,20,0.0,12.3
2024-05-06,33.8,22,0.0,13.5
2024-05-07,34.0,25,0.0,9.0
2024-05-08,32.7,39,0.0,13.6
2024-05-09,32.5,37,0.0,14.0
2024-05-10,32.1,43,1.1,11.3
2024-05-11,31.9,42,0.1,9.1
2024-05-12,32.3,38,0.1,10.3
2024-05-13,33.0,29,0.0,8.9
2024-05-14,32.8,21,0.0,10.5
2024-05-15,34.2,19,0.0,10.1
2024-05-16,34.5,18,0.0,9.0
2024-05-17,36.3,18,0.0,10.5
2024-05-18,37.0,19,0.0,12.5
2024-05-19,36.7,17,0.0,12.6
2024-05-20,36.4,19,0.0,11.7
2024-05-21,35.2,28,0.0,10.0
2024-05-22,35.2,36,0.3,14.8
2024-05-23,35.7,36,0.0,14.1
2024-05-24,35.6,36,0.0,12.6
2024-05-25,37.4,27,0.0,12.5
2024-05-26,38.1,17,0.0,12.4
2024-05-27,38.2,18,0.0,11.3
2024-05-28,37.3,14,0.0,9.0
2024-05-29,38.6,18,0.0,10.9
2024-05-30,39.2,16,0.0,15.8
2024-05-31,37.6,12,0.0,12.9
2024-06-01,37.4,17,0.0,15.6
2024-06-02,36.4,25,0.0,11.1
2024-06-03,36.9,25,0.0,14.3
2024-06-04,36.9,19,0.0,11.8
2024-06-05,36.6,23,0.0,16.1
2024-06-06,35.0,28,0.0,12.3
2024-06-07,35.2,30,0.0,15.0
2024-06-08,34.7,27,0.0,15.4
2024-06-09,35.1,23,0.0,13.4
2024-06-10,36.0,18,0.0,13.5
2024-06-11,36.3,19,0.0,11.3
2024-06-12,36.9,17,0.0,11.9
2024-06-13,37.6,20,0.0,18.1
2024-06-14,37.5,28,0.0,22.3
2024-06-15,37.7,27,0.0,19.4
2024-06-16,38.4,25,0.0,18.0
2024-06-17,38.9,25,0.0,19.3
2024-06-18,38.9,25,0.0,20.1
2024-06-19,37.0,35,0.8,18.7
2024-06-20,34.0,45,4.9,8.2
2024-06-21,32.5,53,2.1,9.6
2024-06-22,33.7,51,0.0,7.5
2024-06-23,34.5,51,0.3,10.2
2024-06-24,34.1,54,1.7,8.0
2024-06-25,32.9,62,4.0,8.0
2024-06-26,31.0,73,23.3,10.9
2024-06-27,28.3,84,11.5,13.5
2024-06-28,27.8,85,20.9,8.6
2024-06-29,29.3,80,18.9,7.1
2024-06-30,30.7,74,11.9,6.4
2024-07-01,30.1,79,11.5,7.1
2024-07-02,29.3,84,14.1,7.6
2024-07-03,29.3,83,2.5,8.4
2024-07-04,28.0,83,7.3,7.8
2024-07-05,27.8,85,0.7,9.6
2024-07-06,28.6,80,1.0,9.0
2024-07-07,28.6,76,0.1,6.8
2024-07-08,28.9,76,0.0,7.6
2024-07-09,29.5,80,4.9,6.5
2024-07-10,30.4,79,11.3,6.2
2024-07-11,31.2,76,3.9,9.2
2024-07-12,30.3,74,0.5,9.2
2024-07-13,29.9,77,12.4,5.5
2024-07-14,31.1,72,0.3,4.7
2024-07-15,30.2,76,3.0,11.3
2024-07-16,30.7,77,17.0,10.7
2024-07-17,31.2,75,0.2,10.6
2024-07-18,31.2,76,2.0,7.6
2024-07-19,30.5,77,0.9,7.7
2024-07-20,31.0,75,0.2,8.3
2024-07-21,31.1,78,1.9,9.7
2024-07-22,31.0,78,5.0,8.4
2024-07-23,30.4,80,4.3,5.6
2024-07-24,29.5,82,6.9,5.2
2024-07-25,30.8,76,0.6,4.7
2024-07-26,29.9,81,10.2,6.7
2024-07-27,30.5,81,4.5,5.8
2024-07-28,31.4,77,6.0,9.1
2024-07-29,31.8,73,0.3,11.9
2024-07-30,32.8,70,0.1,10.9
2024-07-31,31.0,78,116.0,7.2
2024-08-01,28.2,85,34.7,6.5
2024-08-02,28.4,83,3.0,11.1
2024-08-03,28.9,82,1.9,13.5
2024-08-04,29.7,74,0.1,17.3
2024-08-05,29.0,76,1.2,22.0
2024-08-06,29.0,76,0.1,11.3
2024-08-07,27.3,86,16.4,7.1
2024-08-08,27.6,87,10.8,7.5
2024-08-09,27.8,87,30.8,6.0
2024-08-10,27.6,87,16.7,5.6
2024-08-11,27.3,89,11.4,6.3
2024-08-12,26.7,91,10.9,7.6
2024-08-13,27.3,90,9.1,9.0
2024-08-14,28.0,89,7.8,6.8
2024-08-15,28.4,87,10.9,9.5
2024-08-16,27.8,88,15.0,10.9
2024-08-17,28.5,86,7.7,5.8
2024-08-18,29.1,83,2.3,8.7
2024-08-19,29.0,82,1.6,7.6
2024-08-20,28.2,85,4.3,5.0
2024-08-21,28.4,86,5.4,4.4
2024-08-22,28.2,86,7.0,4.9
2024-08-23,27.4,86,0.9,5.3
2024-08-24,28.3,84,8.8,6.0
2024-08-25,28.8,79,15.2,16.5
2024-08-26,28.2,83,3.8,15.4
2024-08-27,27.2,85,11.1,17.3
2024-08-28,26.8,87,7.9,10.2
2024-08-29,26.9,87,19.5,10.4
2024-08-30,27.5,88,7.5,5.7
2024-08-31,29.2,79,0.0,8.4
2024-09-01,29.6,76,0.1,8.1
2024-09-02,28.0,84,11.7,10.3
2024-09-03,27.4,87,17.8,8.6
2024-09-04,27.2,87,0.9,5.9
2024-09-05,27.5,84,2.9,3.5
2024-09-06,26.5,89,14.7,7.1
2024-09-07,26.8,88,23.6,5.0
2024-09-08,27.6,87,14.1,5.2
2024-09-09,28.4,82,3.4,6.2
2024-09-10,27.2,89,11.8,3.6
2024-09-11,27.5,89,26.7,7.3
2024-09-12,25.4,91,100.8,16.9
2024-09-13,25.4,89,54.7,13.9
2024-09-14,26.0,84,4.7,10.1
2024-09-15,26.4,79,0.1,11.2
2024-09-16,27.2,73,0.0,12.0
2024-09-17,27.6,74,0.0,7.1
2024-09-18,24.9,86,62.7,10.7
2024-09-19,26.2,85,3.7,11.3
2024-09-20,27.2,80,0.0,6.7
2024-09-21,27.9,79,0.2,4.7
2024-09-22,29.0,77,0.0,5.7
2024-09-23,28.9,78,0.0,6.7
2024-09-24,29.3,77,0.0,3.8
2024-09-25,29.0,81,0.4,10.6
2024-09-26,27.9,82,0.4,10.7
2024-09-27,27.3,80,0.8,10.5
2024-09-28,26.3,81,0.0,7.9
2024-09-29,26.4,83,0.3,6.8
2024-09-30,27.7,77,0.0,8.5
2024-10-01,28.3,76,0.0,8.6
2024-10-02,28.9,73,0.0,9.3
2024-10-03,28.6,66,0.0,10.5
2024-10-04,28.3,68,0.0,8.8
2024-10-05,28.4,66,0.0,10.0
2024-10-06,27.8,65,0.0,9.0
2024-10-07,26.7,71,0.0,6.8
2024-10-08,27.0,70,0.0,7.1
2024-10-09,26.5,65,0.0,7.3
2024-10-10,26.1,60,0.0,9.6
2024-10-11,25.0,56,0.0,9.2
2024-10-12,25.3,61,0.0,8.0
2024-10-13,26.0,57,0.0,6.4
2024-10-14,25.7,55,0.0,6.3
2024-10-15,25.2,57,0.0,9.1
2024-10-16,25.7,57,0.0,6.7
2024-10-17,26.3,63,0.0,6.1
2024-10-18,26.1,65,0.0,6.3
2024-10-19,26.8,63,0.0,5.8
2024-10-20,26.5,68,0.0,6.8
2024-10-21,25.6,70,0.0,6.5
2024-10-22,25.6,67,0.0,7.2
2024-10-23,26.1,61,0.0,10.0
2024-10-24,25.5,59,0.0,10.9
2024-10-25,25.0,61,0.0,10.4
2024-10-26,24.6,66,0.0,8.8
2024-10-27,25.2,74,0.0,6.6
2024-10-28,25.7,71,0.0,7.5
2024-10-29,26.4,70,0.0,6.6
2024-10-30,27.0,65,0.0,7.6
2024-10-31,26.1,63,0.0,11.0
2024-11-01,24.9,53,0.0,11.9
2024-11-02,24.4,54,0.0,7.1
2024-11-03,24.4,54,0.0,6.6
2024-11-04,23.7,62,0.0,6.7
2024-11-05,23.4,71,0.0,6.4
2024-11-06,23.9,67,0.0,5.6
2024-11-07,24.2,67,0.0,5.7
2024-11-08,24.6,66,0.0,5.4
2024-11-09,24.5,68,0.0,7.8
2024-11-10,24.3,69,0.0,6.5
2024-11-11,23.9,74,0.0,6.1
2024-11-12,24.9,60,0.0,7.4
2024-11-13,24.1,56,0.0,5.5
2024-11-14,24.1,55,0.0,3.3
2024-11-15,23.7,51,0.0,6.0
2024-11-16,23.3,55,0.0,5.5
2024-11-17,22.9,58,0.0,4.9
2024-11-18,20.8,60,0.0,5.4
2024-11-19,20.1,51,0.0,5.8
2024-11-20,19.8,50,0.0,5.5
2024-11-21,19.7,51,0.0,5.4
2024-11-22,20.3,54,0.0,4.6
2024-11-23,20.9,51,0.0,4.2
2024-11-24,21.4,48,0.0,7.4
2024-11-25,20.6,57,0.0,7.7
2024-11-26,19.7,56,0.0,6.5
2024-11-27,19.8,49,0.0,4.3
2024-11-28,19.4,50,0.0,3.4
2024-11-29,18.9,59,0.0,2.4
2024-11-30,18.9,60,0.0,4.3
2024-12-01,19.4,61,0.0,4.8
2024-12-02,19.5,58,0.0,4.9
2024-12-03,20.1,56,0.0,6.6
2024-12-04,20.1,50,0.0,9.8
2024-12-05,17.8,45,0.0,8.2
2024-12-06,17.5,47,0.0,7.2
2024-12-07,16.9,44,0.0,3.4
2024-12-08,16.1,56,1.5,8.2
2024-12-09,15.3,65,0.0,4.3
2024-12-10,14.5,53,0.0,8.3
2024-12-11,13.9,47,0.0,8.0
2024-12-12,14.2,52,0.0,7.5
2024-12-13,14.8,48,0.0,11.9
2024-12-14,14.6,44,0.0,9.6
2024-12-15,14.3,51,0.0,4.4
2024-12-16,14.2,67,0.0,3.4
2024-12-17,14.2,74,0.0,2.8
2024-12-18,14.0,69,0.0,4.2
2024-12-19,14.5,62,0.0,4.4
2024-12-20,16.2,62,0.0,4.1
2024-12-21,15.5,65,0.0,4.9
2024-12-22,16.3,60,0.0,3.3
2024-12-23,14.5,68,1.4,6.7
2024-12-24,14.7,77,0.5,5.3
2024-12-25,15.1,78,0.0,5.2
2024-12-26,16.1,68,0.0,3.1
2024-12-27,15.1,84,29.9,7.6
2024-12-28,14.9,89,4.6,5.4
2024-12-29,13.7,86,0.0,8.1
2024-12-30,12.7,87,0.0,7.6
2024-12-31,11.3,89,0.0,3.5
2025-01-01,11.1,89,0.0,5.8
2025-01-02,12.4,85,0.0,6.7
2025-01-03,12.8,86,0.0,4.2
2025-01-04,13.5,89,0.0,4.2
2025-01-05,12.4,90,0.0,6.4
2025-01-06,13.0,89,4.9,4.9
2025-01-07,13.0,88,0.0,9.9
2025-01-08,12.7,75,0.0,8.8
2025-01-09,12.8,77,0.0,2.7
2025-01-10,12.1,85,0.0,4.5
2025-01-11,12.2,88,3.9,6.8
2025-01-12,13.2,87,0.1,4.3
2025-01-13,13.4,86,0.0,6.8
2025-01-14,13.2,83,0.0,4.7
2025-01-15,13.0,87,2.9,3.4
2025-01-16,13.9,84,0.7,4.3
2025-01-17,13.2,81,0.0,6.8
2025-01-18,12.3,86,0.0,4.2
2025-01-19,14.6,86,0.0,3.2
2025-01-20,16.3,83,0.0,7.5
2025-01-21,16.0,78,0.0,7.4
2025-01-22,16.2,75,0.0,4.7
2025-01-23,16.3,71,1.6,7.1
2025-01-24,14.9,67,0.0,9.1
2025-01-25,14.2,63,0.0,9.1
2025-01-26,14.1,62,0.0,7.2
2025-01-27,14.4,62,0.0,7.0
2025-01-28,15.3,58,0.0,5.5
2025-01-29,16.6,63,0.0,7.2
2025-01-30,17.7,66,0.0,5.8
2025-01-31,18.8,65,0.0,4.2
2025-02-01,19.1,63,0.0,6.5
2025-02-02,17.9,70,0.0,7.1
2025-02-03,16.4,66,1.7,5.1
2025-02-04,17.6,70,0.7,3.7
2025-02-05,16.2,68,0.3,7.1
2025-02-06,15.9,51,0.0,11.9
2025-02-07,15.3,52,0.0,12.8
2025-02-08,16.7,52,0.0,10.0
2025-02-09,17.8,59,0.0,5.2
2025-02-10,19.2,59,0.0,4.4
2025-02-11,20.3,60,0.0,4.3
2025-02-12,19.2,51,0.0,10.2
2025-02-13,18.3,47,0.0,12.6
2025-02-14,18.5,42,0.0,10.1
2025-02-15,19.9,46,0.0,5.5
2025-02-16,20.4,52,0.0,4.1
2025-02-17,21.7,52,0.0,2.6
2025-02-18,20.9,53,0.0,5.5
2025-02-19,20.6,51,1.0,5.6
2025-02-20,19.0,69,7.1,11.7
2025-02-21,19.0,71,0.4,5.8
2025-02-22,18.3,66,0.0,8.3
2025-02-23,18.9,62,0.0,5.6
2025-02-24,20.1,57,0.0,5.3
2025-02-25,21.4,54,0.0,4.2
2025-02-26,23.7,55,0.0,4.7
2025-02-27,21.1,70,1.0,8.5
2025-02-28,20.0,73,3.3,9.5
2025-03-01,19.5,81,7.7,7.4
2025-03-02,19.1,67,0.0,7.4
2025-03-03,19.8,59,0.0,5.3
2025-03-04,19.8,60,0.0,10.9
2025-03-05,17.8,45,0.0,17.6
2025-03-06,19.6,41,0.0,10.1
2025-03-07,20.9,44,0.0,5.2
2025-03-08,22.4,43,0.0,6.8
2025-03-09,24.7,43,0.0,6.2
2025-03-10,25.2,46,0.0,8.5
2025-03-11,26.9,46,0.0,3.9
2025-03-12,26.4,50,0.0,7.6
2025-03-13,25.2,53,5.9,5.6
2025-03-14,25.7,51,0.0,6.0
2025-03-15,24.1,55,0.5,9.1
2025-03-16,23.7,48,0.1,7.4
2025-03-17,23.1,44,0.0,8.1
2025-03-18,23.6,43,0.0,8.0
2025-03-19,25.2,37,0.0,6.3
2025-03-20,26.2,32,0.0,6.4
2025-03-21,25.4,32,0.0,8.9
2025-03-22,25.2,33,0.0,8.2
2025-03-23,26.0,34,0.0,5.1
2025-03-24,27.2,32,0.0,4.9
2025-03-25,28.7,32,0.0,6.1
2025-03-26,30.0,29,0.0,5.3
2025-03-27,30.1,27,0.0,6.4
2025-03-28,26.1,25,0.0,12.1
2025-03-29,23.0,22,0.0,13.1
2025-03-30,24.8,22,0.0,9.9
2025-03-31,26.2,21,0.0,8.5
2025-04-01,26.5,21,0.0,8.1
2025-04-02,27.7,22,0.0,5.4
2025-04-03,29.6,19,0.0,4.6
2025-04-04,30.1,18,0.0,7.2
2025-04-05,29.0,22,0.0,8.5
2025-04-06,30.5,22,0.0,5.8
2025-04-07,32.5,22,0.0,4.9
2025-04-08,32.8,22,0.0,6.5
2025-04-09,33.5,25,0.0,6.9
2025-04-10,31.5,33,1.4,7.1
2025-04-11,26.3,60,8.1,11.6
2025-04-12,26.3,57,1.1,5.0
2025-04-13,28.3,47,0.0,3.4
2025-04-14,29.3,42,0.0,6.4
2025-04-15,30.8,37,0.0,7.3
2025-04-16,32.2,34,0.0,6.4
2025-04-17,33.3,32,0.0,8.1
2025-04-18,32.9,40,0.0,7.9
2025-04-19,32.6,41,0.0,11.9
2025-04-20,33.1,37,0.0,9.5
2025-04-21,33.8,23,0.0,6.8
2025-04-22,32.6,10,0.0,8.8
2025-04-23,32.2,11,0.0,8.5
2025-04-24,32.8,11,0.0,7.0
2025-04-25,33.8,13,0.0,6.7
2025-04-26,34.3,13,0.0,8.1
2025-04-27,34.5,14,0.0,5.0
2025-04-28,33.0,20,0.0,7.8
2025-04-29,31.3,35,0.0,10.5
2025-04-30,31.5,37,0.0,9.1
2025-05-01,31.8,36,0.0,10.1
2025-05-02,26.2,65,12.4,8.4
2025-05-03,28.3,54,3.4,5.3
2025-05-04,29.9,49,2.0,5.0
2025-05-05,28.5,58,0.1,8.3
2025-05-06,27.4,62,0.4,7.5
2025-05-07,27.8,62,0.5,7.4
2025-05-08,28.3,61,2.7,5.9
2025-05-09,30.7,49,1.1,5.6
2025-05-10,30.9,52,1.5,4.5
2025-05-11,31.7,49,0.0,5.6
2025-05-12,33.0,35,0.0,6.5
2025-05-13,34.7,24,0.0,10.0
2025-05-14,35.3,21,0.0,9.0
2025-05-15,36.2,21,0.0,6.7
2025-05-16,35.8,24,0.0,10.0
2025-05-17,35.7,28,0.0,9.9
2025-05-18,35.2,31,0.0,9.6
2025-05-19,34.5,45,0.0,8.7
2025-05-20,34.9,45,0.0,9.6
2025-05-21,34.8,45,0.0,9.9
2025-05-22,31.4,55,0.0,11.0
2025-05-23,32.3,52,1.5,11.7
2025-05-24,33.4,48,0.4,12.8
2025-05-25,28.4,66,0.4,8.5
2025-05-26,29.8,65,1.8,7.5
2025-05-27,31.2,62,0.0,5.4
2025-05-28,33.2,55,0.0,5.4
2025-05-29,33.6,52,0.3,5.8
2025-05-30,31.6,49,0.0,5.5
2025-05-31,31.9,48,1.0,6.4
2025-06-01,31.0,48,4.2,9.7
2025-06-02,30.9,48,0.3,5.7
2025-06-03,30.2,46,0.0,5.9
2025-06-04,28.8,55,0.3,5.6
2025-06-05,30.9,46,0.0,4.0
2025-06-06,32.7,40,0.0,5.5
2025-06-07,34.7,37,0.0,6.9
2025-06-08,36.6,35,0.0,7.3
2025-06-09,37.5,29,0.0,9.6
2025-06-10,37.4,22,0.0,9.1
2025-06-11,37.1,32,0.0,7.9
2025-06-12,36.8,45,0.5,7.7
2025-06-13,36.0,48,0.0,9.3
2025-06-14,36.2,47,0.3,7.1
2025-06-15,33.8,53,1.3,8.1
2025-06-16,29.4,81,25.6,6.1
2025-06-17,29.1,82,16.9,6.0
2025-06-18,28.9,79,5.3,4.6
2025-06-19,29.7,77,0.1,6.2
2025-06-20,28.7,84,1.2,7.8
2025-06-21,30.4,77,1.6,4.9
2025-06-22,31.0,74,0.8,5.1
2025-06-23,31.5,74,0.1,5.1
2025-06-24,31.2,75,1.1,4.7
2025-06-25,29.1,84,12.9,9.1
2025-06-26,30.6,76,11.5,8.6
2025-06-27,30.7,75,0.5,6.9
2025-06-28,30.8,74,8.3,4.6
2025-06-29,29.5,79,16.2,5.9
2025-06-30,27.8,87,17.3,5.1
2025-07-01,28.7,84,9.1,4.9
2025-07-02,29.9,81,1.1,6.2
2025-07-03,30.1,78,0.9,7.2
2025-07-04,30.3,78,0.3,5.1
2025-07-05,30.9,77,3.4,4.0
2025-07-06,31.0,74,7.4,4.2
2025-07-07,29.0,83,13.5,3.4
2025-07-08,30.9,76,0.0,4.8
2025-07-09,29.2,82,14.9,3.7
2025-07-10,27.5,85,3.6,4.0
2025-07-11,28.4,83,0.4,2.2
2025-07-12,29.3,80,2.7,2.6
2025-07-13,28.2,87,18.6,5.0
2025-07-14,28.0,85,17.6,12.8
2025-07-15,28.0,84,7.3,13.4
2025-07-16,28.7,83,8.2,8.1
2025-07-17,28.5,82,1.4,7.8
2025-07-18,28.5,80,4.1,12.8
2025-07-19,29.0,77,0.0,10.8
2025-07-20,30.1,73,0.0,5.7
2025-07-21,28.9,78,0.4,4.2
2025-07-22,30.1,74,0.2,3.9
2025-07-23,29.8,78,1.2,5.9
2025-07-24,30.7,72,1.5,7.1
2025-07-25,31.8,68,0.5,6.3
2025-07-26,31.0,73,2.3,4.8
2025-07-27,32.1,68,0.9,6.7
2025-07-28,32.1,67,1.6,4.7
2025-07-29,29.2,82,3.8,5.0
2025-07-30,27.9,88,15.3,7.8
2025-07-31,27.7,88,29.2,5.9
2025-08-01,28.3,85,7.5,4.4
2025-08-02,29.1,79,0.9,6.7
2025-08-03,29.7,77,0.7,7.7
2025-08-04,28.6,82,0.1,7.5
2025-08-05,27.9,84,8.3,6.9
2025-08-06,28.7,80,0.5,5.6
2025-08-07,29.9,72,0.0,8.5
2025-08-08,29.9,70,0.0,7.4
2025-08-09,27.8,84,8.9,4.3
2025-08-10,28.9,83,1.7,3.2
2025-08-11,29.8,78,1.6,7.3
2025-08-12,29.2,80,3.9,5.9
2025-08-13,30.3,74,0.0,5.9
2025-08-14,27.8,88,8.2,4.9
2025-08-15,28.4,86,4.6,3.8
2025-08-16,28.6,87,4.1,4.8
2025-08-17,29.0,86,3.6,6.1
2025-08-18,29.2,83,9.0,8.2
2025-08-19,29.2,82,5.4,7.3
2025-08-20,29.3,79,5.6,9.6
2025-08-21,29.7,78,13.8,6.5
2025-08-22,30.3,75,3.3,4.1
2025-08-23,28.3,84,13.2,5.2
2025-08-24,27.6,87,11.8,8.2
2025-08-25,26.6,89,19.7,11.8
2025-08-26,27.2,89,6.7,11.5
2025-08-27,28.4,86,1.4,5.6
2025-08-28,28.6,86,15.5,5.3
2025-08-29,27.9,88,12.6,8.0
2025-08-30,28.4,84,3.8,7.9
2025-08-31,26.7,90,13.1,8.5
2025-09-01,25.4,92,31.5,11.0
2025-09-02,25.0,93,21.7,12.9
2025-09-03,26.2,89,14.7,7.5
2025-09-04,27.1,87,17.7,5.8
2025-09-05,27.6,85,4.8,9.9
2025-09-06,27.7,85,13.3,10.2
2025-09-07,28.0,85,2.3,7.7
2025-09-08,28.6,81,0.7,3.8
2025-09-09,29.0,76,0.4,7.5
2025-09-10,29.2,73,0.0,11.0
2025-09-11,28.9,69,0.0,10.1
2025-09-12,29.4,67,0.2,7.6
2025-09-13,30.8,60,0.9,6.1
2025-09-14,31.9,57,0.2,6.4
2025-09-15,32.3,54,0.0,7.4
2025-09-16,31.7,56,0.1,6.6
2025-09-17,31.2,61,0.2,5.1
2025-09-18,30.2,67,1.6,5.3
2025-09-19,31.1,62,0.7,6.3
2025-09-20,31.5,56,0.0,8.3
2025-09-21,31.2,53,0.0,9.3
2025-09-22,31.6,51,0.0,10.0
2025-09-23,31.5,47,0.0,10.6
2025-09-24,31.0,50,0.0,9.9
2025-09-25,31.1,52,0.0,8.8
2025-09-26,31.6,52,0.0,8.5
2025-09-27,32.6,54,0.1,3.9
2025-09-28,32.3,60,0.0,8.7
2025-09-29,32.0,58,0.2,6.5
2025-09-30,30.6,64,8.0,4.3
2025-10-01,28.3,74,2.8,4.3
2025-10-02,28.4,72,1.0,5.7
2025-10-03,29.1,71,0.0,5.2
2025-10-04,30.3,60,0.1,6.9
2025-10-05,29.2,60,0.7,7.3
2025-10-06,24.0,85,14.6,5.9
2025-10-07,23.4,87,5.2,6.2
2025-10-08,22.7,86,0.2,4.6
2025-10-09,23.8,75,0.4,6.8
2025-10-10,23.5,68,0.0,4.7
2025-10-11,23.9,68,0.0,5.8
2025-10-12,25.2,63,0.0,6.2
2025-10-13,25.8,59,0.0,3.4
2025-10-14,26.4,52,0.0,3.2
2025-10-15,26.7,49,0.0,2.7
2025-10-16,26.1,51,0.0,4.1
2025-10-17,26.5,54,0.0,4.2
2025-10-18,27.2,53,0.0,3.0
2025-10-19,27.9,52,0.0,2.3
2025-10-20,28.1,49,0.0,3.9
2025-10-21,26.9,57,0.4,4.4
2025-10-22,27.6,53,0.0,4.5
2025-10-23,26.6,42,0.0,5.9
2025-10-24,25.9,46,0.0,3.8
2025-10-25,25.7,45,0.0,3.3
2025-10-26,25.5,46,0.0,3.7
2025-10-27,24.2,56,0.0,6.2
2025-10-28,23.3,72,0.0,4.2
2025-10-29,24.8,66,0.0,4.0
2025-10-30,24.5,74,0.1,3.7
2025-10-31,25.3,75,0.1,4.6
2025-11-01,25.1,62,0.0,6.4
2025-11-02,23.7,59,0.0,7.8
2025-11-03,23.5,53,0.0,7.5
2025-11-04,23.4,60,0.0,5.5
2025-11-05,23.9,62,0.0,6.8
2025-11-06,20.7,49,0.0,8.8
2025-11-07,20.3,47,0.0,8.2
2025-11-08,20.0,45,0.0,7.1
2025-11-09,20.1,46,0.0,7.0
2025-11-10,20.1,46,0.0,5.6
2025-11-11,20.1,47,0.0,6.8
2025-11-12,20.4,48,0.0,7.6
2025-11-13,19.3,52,0.0,6.7
2025-11-14,19.2,50,0.0,6.5
2025-11-15,19.3,50,0.0,6.5
2025-11-16,19.1,50,0.0,6.7
2025-11-17,19.0,50,0.0,4.5
2025-11-18,19.4,58,0.0,4.1
2025-11-19,19.7,63,0.0,3.2
2025-11-20,20.0,64,0.0,3.5
2025-11-21,20.3,61,0.0,3.0
2025-11-22,20.3,57,0.0,3.7
2025-11-23,19.3,56,0.0,4.1
2025-11-24,18.4,58,0.0,4.1
2025-11-25,17.4,58,0.0,5.7
2025-11-26,17.3,57,0.0,3.6
2025-11-27,18.1,55,0.0,2.1
2025-11-28,18.0,60,0.0,5.1
2025-11-29,19.0,54,0.0,7.3
2025-11-30,17.3,49,0.0,7.4
2025-12-01,16.9,49,0.0,3.6
2025-12-02,18.3,57,0.0,4.2
2025-12-03,16.2,55,0.0,6.1
2025-12-04,15.2,56,0.0,7.1
2025-12-05,15.0,56,0.0,5.2
2025-12-06,16.2,53,0.0,9.4
2025-12-07,17.0,56,0.0,8.7
2025-12-08,18.0,53,0.0,9.5
2025-12-09,17.5,54,0.0,9.9
2025-12-10,17.5,57,0.0,7.6
2025-12-11,17.3,60,0.0,5.7
2025-12-12,17.2,63,0.0,3.6
2025-12-13,17.8,66,0.0,2.4
2025-12-14,17.7,70,0.0,2.0
2025-12-15,16.6,72,0.0,5.6
2025-12-16,17.0,69,0.0,9.5
2025-12-17,17.0,70,0.0,8.1
2025-12-18,16.4,74,0.0,5.4
2025-12-19,15.7,78,0.0,5.8
2025-12-20,15.0,78,0.0,4.0
2025-12-21,14.4,84,0.0,4.3
2025-12-22,15.4,83,0.0,3.2
2025-12-23,16.5,81,0.0,7.9
2025-12-24,15.8,69,0.0,8.8
2025-12-25,14.7,64,0.0,5.4
2025-12-26,15.2,67,0.0,4.7
2025-12-27,14.8,77,0.0,4.8
2025-12-28,14.6,78,0.0,4.3
2025-12-29,14.1,81,0.0,3.3
2025-12-30,14.2,79,0.0,4.6
2025-12-31,13.2,84,0.0,6.6
2026-01-01,13.3,90,1.6,5.5
2026-01-02,14.0,78,0.0,7.4
2026-01-03,13.2,77,0.0,3.9
2026-01-04,12.4,79,0.0,5.0
2026-01-05,12.4,79,0.0,5.4
2026-01-06,12.0,85,0.0,5.8
2026-01-07,10.8,89,0.0,6.2
2026-01-08,10.1,88,0.0,4.7
2026-01-09,11.4,83,0.7,3.5
2026-01-10,11.3,81,0.0,6.1
2026-01-11,10.6,76,0.0,7.8
2026-01-12,10.6,70,0.0,5.0
2026-01-13,11.1,75,0.0,4.6
2026-01-14,10.7,76,0.0,6.6
2026-01-15,11.1,76,0.0,6.5
2026-01-16,12.6,68,0.0,4.4
2026-01-17,14.4,70,0.0,2.7
2026-01-18,14.8,77,0.0,4.2
2026-01-19,17.2,61,0.0,3.6
2026-01-20,17.2,61,0.0,6.0
2026-01-21,16.3,65,0.0,5.4
2026-01-22,17.4,61,0.0,5.8
2026-01-23,15.2,83,23.9,12.4
2026-01-24,12.1,69,0.0,9.2
2026-01-25,10.8,74,0.0,7.4
2026-01-26,12.4,77,0.0,3.0
2026-01-27,14.4,83,12.3,8.6
2026-01-28,14.3,85,7.6,5.4
2026-01-29,13.4,86,0.0,6.8
2026-01-30,13.8,82,0.0,4.5
2026-01-31,14.1,87,0.0,5.5
2026-02-01,16.1,83,13.2,5.8
2026-02-02,15.2,89,0.0,5.2
2026-02-03,14.6,82,0.0,4.1
2026-02-04,15.0,77,0.0,6.3
2026-02-05,15.3,72,0.0,8.5
2026-02-06,16.3,68,0.0,9.2
2026-02-07,17.5,68,0.0,9.5
2026-02-08,16.7,62,0.0,7.5
2026-02-09,17.0,61,0.0,4.7
2026-02-10,18.8,60,0.0,4.9
2026-02-11,20.5,58,0.0,7.0
2026-02-12,18.9,54,0.0,7.9
2026-02-13,19.0,53,0.0,5.7
2026-02-14,19.8,52,0.0,6.4
2026-02-15,20.8,53,0.0,6.1
2026-02-16,21.9,50,0.0,4.7
2026-02-17,21.9,54,0.0,7.9
2026-02-18,18.9,73,0.9,4.0
2026-02-19,19.8,67,0.0,3.3
2026-02-20,21.0,64,0.0,5.4
2026-02-21,20.8,62,0.0,7.0
2026-02-22,21.6,55,0.0,5.6
2026-02-23,22.3,53,0.0,4.1
2026-02-24,22.4,52,0.0,4.6
2026-02-25,22.2,48,0.0,5.8
2026-02-26,22.5,45,0.0,7.7
2026-02-27,23.7,42,0.0,5.8
2026-02-28,25.9,41,0.0,5.8
2026-03-01,23.9,46,0.0,9.0
2026-03-02,23.9,44,0.0,10.2
2026-03-03,24.6,41,0.0,12.1
2026-03-04,25.9,43,0.0,11.3
2026-03-05,27.2,47,0.0,11.6
2026-03-06,27.0,46,0.0,6.1
2026-03-07,27.6,53,0.0,4.1
2026-03-08,28.3,47,0.0,5.7
2026-03-09,28.0,49,0.0,6.9
2026-03-10,28.6,51,0.0,3.7
2026-03-11,28.7,39,0.0,7.3
2026-03-12,28.3,33,0.0,8.0
2026-03-13,27.0,44,0.0,9.2
2026-03-14,26.8,35,0.0,6.8
2026-03-15,23.1,56,2.6,11.3
2026-03-16,23.3,50,0.3,11.1
2026-03-17,24.2,50,0.0,5.8
2026-03-18,24.1,57,3.7,5.5
2026-03-19,22.1,66,3.4,8.0
2026-03-20,18.0,86,2.8,5.1
2026-03-21,19.7,77,0.0,5.0
2026-03-22,21.7,66,0.0,6.7
2026-03-23,21.9,70,9.6,5.3
2026-03-24,23.5,64,0.0,6.5
2026-03-25,24.9,50,0.0,5.8
2026-03-26,27.7,43,0.0,6.3
2026-03-27,25.7,49,0.6,7.6
2026-03-28,27.1,44,0.0,5.5
2026-03-29,28.1,47,0.0,7.7
2026-03-30,26.9,50,0.2,8.2
2026-03-31,26.2,54,0.3,4.9
2026-04-01,26.4,51,0.0,4.4
2026-04-02,28.3,47,0.0,4.7
2026-04-03,25.8,54,0.4,8.9
2026-04-04,24.5,64,2.3,4.7
2026-04-05,24.3,57,0.9,5.3
2026-04-06,25.9,39,0.0,6.5
2026-04-07,22.7,57,8.4,8.6
2026-04-08,20.4,73,4.1,6.6
2026-04-09,22.6,61,0.0,6.2
2026-04-10,24.8,43,0.0,12.5
2026-04-11,27.6,33,0.0,10.3
2026-04-12,28.6,31,0.0,9.1
2026-04-13,28.6,28,0.0,9.1
2026-04-14,30.7,25,0.0,7.1
2026-04-15,31.7,22,0.0,8.1
2026-04-16,33.0,22,0.0,5.6
2026-04-17,32.5,25,0.0,7.7
2026-04-18,32.7,29,0.0,6.1
2026-04-19,33.5,22,0.0,8.0
2026-04-20,33.0,22,0.0,9.8
2026-04-21,32.8,18,0.0,11.1
2026-04-22,33.5,21,0.0,9.5
2026-04-23,34.2,18,0.0,9.0
2026-04-24,34.8,23,0.0,6.6
2026-04-25,35.7,23,0.0,9.3
2026-04-26,35.5,23,0.0,9.8
2026-04-27,35.6,22,0.0,10.2
2026-04-28,33.2,31,0.0,7.5
2026-04-29,31.9,37,0.0,5.8
2026-04-30,30.8,41,0.9,8.4
2026-05-01,29.2,49,0.0,8.3
2026-05-02,31.4,42,2.3,8.1
2026-05-03,30.6,44,0.0,11.9
2026-05-04,25.5,65,5.5,11.6
2026-05-05,26.0,66,1.3,5.9
2026-05-06,28.6,48,0.0,4.8
2026-05-07,27.1,50,0.1,13.1
2026-05-08,28.2,54,0.4,10.3
2026-05-09,30.3,46,0.0,8.0
2026-05-10,31.5,43,0.0,8.0
2026-05-11,32.5,41,0.0,6.8
2026-05-12,32.4,45,7.0,10.7
2026-05-13,32.7,47,0.3,6.9
2026-05-14,33.3,40,0.2,6.4
2026-05-15,34.4,31,0.0,9.1
2026-05-16,35.0,29,0.0,8.6
2026-05-17,36.2,26,0.1,11.2
2026-05-18,37.1,25,0.0,10.5
2026-05-19,38.2,18,0.0,10.3
2026-05-20,37.9,20,0.0,9.1
2026-05-21,37.8,22,0.0,13.7
2026-05-22,37.3,19,0.0,10.4
2026-05-23,36.7,22,0.0,9.9
2026-05-24,36.8,22,0.0,9.0
2026-05-25,37.9,19,0.0,11.1
2026-05-26,37.5,17,0.0,9.6
2026-05-27,37.9,17,0.0,9.0
2026-05-28,34.1,39,3.2,8.9
2026-05-29,30.1,56,1.0,10.4
2026-05-30,27.9,64,4.7,9.3
2026-05-31,27.5,64,0.8,7.6
2026-06-01,28.6,62,1.1,6.0
2026-06-02,30.7,52,1.0,6.2
2026-06-03,33.8,43,0.7,5.2
2026-06-04,32.9,44,0.6,8.3
2026-06-05,30.3,57,2.1,5.3
2026-06-06,34.1,44,0.0,6.1
2026-06-07,33.4,43,0.4,9.0
2026-06-08,36.5,31,0.0,10.7
2026-06-09,37.4,28,0.0,10.4
2026-06-10,37.9,28,0.4,9.6
2026-06-11,33.8,47,0.2,12.3
2026-06-12,27.4,75,8.1,12.6
2026-06-13,28.7,68,0.7,3.9
2026-06-14,31.3,60,0.5,4.7
2026-06-15,30.3,54,1.3,7.8
2026-06-16,28.2,64,0.6,6.3
2026-06-17,31.4,53,0.0,5.4
2026-06-18,34.6,42,0.1,8.2
2026-06-19,33.9,41,0.0,9.2
2026-06-20,34.3,42,0.5,9.2
2026-06-21,34.1,39,0.0,9.4
2026-06-22,33.1,41,0.4,9.7
2026-06-23,33.4,43,1.4,6.7
2026-06-24,32.5,47,0.6,7.3
2026-06-25,34.5,44,0.8,5.0
2026-06-26,35.0,44,1.2,4.5
2026-06-27,35.5,46,1.0,5.5
2026-06-28,36.7,43,1.0,8.0
2026-06-29,37.1,40,1.4,8.8
2026-06-30,34.2,54,4.4,10.3
2026-07-01,30.2,74,1.8,8.3
2026-07-02,28.9,78,6.8,4.9
2026-07-03,31.1,71,0.5,5.3
2026-07-04,32.2,69,1.4,4.0
2026-07-05,31.3,76,3.7,5.2
2026-07-06,32.1,71,0.5,4.2
2026-07-07,29.4,85,8.4,4.8
2026-07-08,27.2,91,11.8,8.0
2026-07-09,26.4,91,99.8,10.3
2026-07-10,29.3,81,0.6,7.4
2026-07-11,30.8,76,0.3,5.1
2026-07-12,31.8,69,1.5,7.9
2026-07-13,32.1,64,0.1,8.4
2026-07-14,30.8,70,2.3,8.3
2026-07-15,31.0,67,3.4,7.4
2026-07-16,33.9,53,0.0,8.1
2026-07-17,34.1,55,0.3,6.8
2026-07-18,33.6,54,0.0,8.1
2026-07-19,32.6,65,3.7,7.0
2026-07-20,28.7,87,31.9,5.5
2026-07-21,27.4,90,14.7,7.8
2026-07-22,28.5,83,5.7,10.7
2026-07-23,28.8,81,9.8,11.1
2026-07-24,28.5,84,8.5,10.5
2026-07-25,29.2,80,2.3,10.4
2026-07-26,30.6,79,1.4,4.1
2026-07-27,31.6,73,0.6,3.6
2026-07-28,27.9,90,19.5,7.1
2026-07-29,29.3,84,5.8,3.2
2026-07-30,29.6,82,10.8,6.4
2026-07-31,29.6,79,4.9,11.3
2026-08-01,29.2,82,5.5,10.3
2026-08-02,29.0,85,4.8,7.9
2026-08-03,29.1,87,14.3,6.3
2026-08-04,27.5,93,13.6,4.5
2026-08-05,28.8,85,1.9,4.3
2026-08-06,27.2,90,12.8,5.1
2026-08-07,26.5,94,58.3,9.1
2026-08-08,28.3,86,28.9,8.3
2026-08-09,29.9,81,3.0,4.8
2026-08-10,28.7,87,7.7,5.8
2026-08-11,28.5,89,12.5,5.8
2026-08-12,30.1,82,2.0,3.6
2026-08-13,30.2,83,2.6,4.3
2026-08-14,28.8,88,11.6,3.5
2026-08-15,29.3,86,4.5,4.5
2026-08-16,30.1,79,4.9,7.0
2026-08-17,29.1,81,4.5,7.0
2026-08-18,29.6,76,3.0,5.3
2026-08-19,29.3,80,5.2,3.7
2026-08-20,28.9,86,4.5,4.9
2026-08-21,30.2,78,0.9,7.3
2026-08-22,29.0,82,8.0,6.7
2026-08-23,29.3,81,8.2,6.0
2026-08-24,28.7,83,6.9,4.1
2026-08-25,28.9,85,3.4,3.4
2026-08-26,28.6,88,13.5,4.3
2026-08-27,29.9,80,0.0,5.2
2026-08-28,30.5,73,0.5,8.0
2026-08-29,31.0,68,0.0,8.4
2026-08-30,30.9,66,0.2,7.8
2026-08-31,31.0,63,0.7,8.3
2026-09-01,30.3,68,3.9,6.1
2026-09-02,28.0,81,13.6,4.6
2026-09-03,28.3,83,3.5,5.6
2026-09-04,27.8,87,13.3,6.0
2026-09-05,26.4,93,23.5,6.2
2026-09-06,25.7,92,18.1,5.7
2026-09-07,28.3,78,0.9,3.8
2026-09-08,28.9,74,1.3,7.1
2026-09-09,29.8,68,0.0,8.5
2026-09-10,30.3,66,0.0,7.5
2026-09-11,28.4,82,8.7,6.5
2026-09-12,28.7,83,7.6,6.6
2026-09-13,29.5,76,0.6,8.7
2026-09-14,28.9,78,3.7,8.9
2026-09-15,29.4,72,1.6,5.6
2026-09-16,31.2,65,0.3,3.4
2026-09-17,29.1,69,2.0,5.9
2026-09-18,28.1,72,2.2,6.0
2026-09-19,28.9,69,0.0,3.8
2026-09-20,29.7,65,1.5,2.6
2026-09-21,29.9,61,0.1,3.5
2026-09-22,31.2,58,0.0,3.7
2026-09-23,31.5,57,0.0,4.2
2026-09-24,30.0,63,0.0,6.7
